{"stats":{"minecraft:picked_up":{"minecraft:feather":1,"minecraft:chicken":2,"minecraft:andesite":1,"minecraft:potato":5,"minecraft:string":2,"minecraft:blue_bed":2,"minecraft:dirt":24,"minecraft:wheat_seeds":11,"minecraft:iron_ingot":5,"minecraft:iron_ore":35,"minecraft:egg":1,"minecraft:pumpkin":1,"minecraft:sweet_berries":10,"minecraft:torch":3,"minecraft:spruce_log":19,"minecraft:spider_eye":1,"minecraft:arrow":1,"minecraft:rotten_flesh":2,"minecraft:mutton":2,"minecraft:coal":23,"minecraft:white_wool":1,"minecraft:cobblestone":36},"minecraft:killed_by":{"minecraft:skeleton":1,"minecraft:creeper":1},"minecraft:used":{"minecraft:wheat_seeds":9,"minecraft:stone_sword":50,"minecraft:stone_pickaxe":66,"minecraft:wooden_pickaxe":29,"minecraft:iron_sword":14,"minecraft:blue_bed":1,"minecraft:torch":20,"minecraft:dirt":21,"minecraft:crafting_table":1,"minecraft:wooden_axe":22,"minecraft:bread":4,"minecraft:stone_axe":43,"minecraft:sweet_berries":13,"minecraft:furnace":1,"minecraft:potato":11},"minecraft:custom":{"minecraft:interact_with_furnace":23,"minecraft:mob_kills":12,"minecraft:interact_with_crafting_table":24,"minecraft:play_one_minute":43332,"minecraft:interact_with_grindstone":1,"minecraft:time_since_death":19484,"minecraft:sleep_in_bed":2,"minecraft:climb_one_cm":315,"minecraft:time_since_rest":12285,"minecraft:sprint_one_cm":57346,"minecraft:damage_taken":1020,"minecraft:walk_one_cm":201244,"minecraft:damage_dealt":1703,"minecraft:talked_to_villager":1,"minecraft:fly_one_cm":58287,"minecraft:open_chest":9,"minecraft:deaths":2,"minecraft:sneak_time":8,"minecraft:jump":613,"minecraft:fall_one_cm":13851},"minecraft:mined":{"minecraft:attached_pumpkin_stem":1,"minecraft:grass_block":4,"minecraft:poppy":1,"minecraft:spruce_leaves":6,"minecraft:blue_bed":2,"minecraft:wall_torch":2,"minecraft:large_fern":20,"minecraft:iron_ore":35,"minecraft:wheat":6,"minecraft:sweet_berry_bush":3,"minecraft:spruce_log":19,"minecraft:pumpkin":1,"minecraft:grass":6,"minecraft:potatoes":4,"minecraft:coal_ore":23,"minecraft:dirt":7,"minecraft:stone":30,"minecraft:fern":34},"minecraft:killed":{"minecraft:zombie_villager":1,"minecraft:spider":2,"minecraft:sheep":1,"minecraft:skeleton":2,"minecraft:zombie":4,"minecraft:chicken":2},"minecraft:crafted":{"minecraft:crafting_table":1,"minecraft:spruce_planks":88,"minecraft:wooden_pickaxe":1,"minecraft:iron_helmet":1,"minecraft:iron_sword":1,"minecraft:furnace":1,"minecraft:stone_axe":1,"minecraft:iron_boots":1,"minecraft:iron_chestplate":1,"minecraft:charcoal":21,"minecraft:shield":1,"minecraft:iron_axe":1,"minecraft:spruce_wood":21,"minecraft:stick":36,"minecraft:iron_ingot":35,"minecraft:iron_pickaxe":1,"minecraft:stone_pickaxe":2,"minecraft:wooden_axe":2,"minecraft:stone_sword":1,"minecraft:iron_leggings":1,"minecraft:torch":64}},"DataVersion":2586}