{"stats":{"minecraft:picked_up":{"minecraft:sweet_berries":10,"minecraft:spruce_log":19,"minecraft:string":2,"minecraft:spider_eye":1,"minecraft:dirt":3,"minecraft:blue_bed":1,"minecraft:arrow":1,"minecraft:wheat_seeds":8,"minecraft:iron_ore":1,"minecraft:coal":17,"minecraft:cobblestone":34},"minecraft:killed_by":{"minecraft:skeleton":1,"minecraft:creeper":1},"minecraft:used":{"minecraft:wheat_seeds":6,"minecraft:wooden_axe":22,"minecraft:bread":3,"minecraft:stone_pickaxe":21,"minecraft:wooden_pickaxe":29,"minecraft:blue_bed":1,"minecraft:stone_axe":43,"minecraft:torch":2,"minecraft:dirt":3,"minecraft:sweet_berries":4,"minecraft:crafting_table":1,"minecraft:furnace":1,"minecraft:potato":5},"minecraft:custom":{"minecraft:time_since_rest":508,"minecraft:interact_with_furnace":4,"minecraft:sprint_one_cm":37167,"minecraft:damage_taken":685,"minecraft:walk_one_cm":127546,"minecraft:mob_kills":4,"minecraft:damage_dealt":941,"minecraft:interact_with_crafting_table":5,"minecraft:fly_one_cm":40060,"minecraft:open_chest":9,"minecraft:play_one_minute":24331,"minecraft:deaths":2,"minecraft:sneak_time":8,"minecraft:jump":406,"minecraft:interact_with_grindstone":1,"minecraft:time_since_death":483,"minecraft:sleep_in_bed":1,"minecraft:climb_one_cm":315,"minecraft:fall_one_cm":10540},"minecraft:mined":{"minecraft:attached_pumpkin_stem":1,"minecraft:large_fern":20,"minecraft:iron_ore":1,"minecraft:wheat":3,"minecraft:sweet_berry_bush":3,"minecraft:spruce_log":19,"minecraft:grass":5,"minecraft:grass_block":4,"minecraft:coal_ore":17,"minecraft:poppy":1,"minecraft:spruce_leaves":4,"minecraft:stone":28,"minecraft:blue_bed":1,"minecraft:fern":34},"minecraft:killed":{"minecraft:skeleton":2,"minecraft:zombie":1,"minecraft:spider":1},"minecraft:crafted":{"minecraft:charcoal":21,"minecraft:crafting_table":1,"minecraft:spruce_wood":21,"minecraft:spruce_planks":88,"minecraft:stick":28,"minecraft:wooden_pickaxe":1,"minecraft:stone_pickaxe":2,"minecraft:wooden_axe":2,"minecraft:furnace":1,"minecraft:torch":64,"minecraft:stone_axe":1}},"DataVersion":2586}