{"stats":{"minecraft:crafted":{"minecraft:cooked_chicken":5,"minecraft:bookshelf":3,"minecraft:diamond_helmet":2,"minecraft:diamond_leggings":2,"minecraft:iron_boots":1,"minecraft:golden_boots":2,"minecraft:emerald":52,"minecraft:cooked_porkchop":25,"minecraft:diamond_axe":1,"minecraft:crafting_table":9,"minecraft:spruce_planks":1460,"minecraft:wooden_pickaxe":1,"minecraft:iron_helmet":1,"minecraft:painting":1,"minecraft:charcoal":21,"minecraft:book":1,"minecraft:iron_chestplate":1,"minecraft:paper":6,"minecraft:diamond_pickaxe":4,"minecraft:shield":2,"minecraft:stick":2208,"minecraft:iron_ingot":199,"minecraft:iron_pickaxe":7,"minecraft:stone_sword":1,"minecraft:gold_ingot":10,"minecraft:shears":1,"minecraft:furnace":5,"minecraft:bone_meal":27,"minecraft:iron_axe":1,"minecraft:spruce_wood":30,"minecraft:stone_pickaxe":2,"minecraft:diamond_boots":2,"minecraft:cooked_beef":27,"minecraft:diamond_sword":1,"minecraft:iron_sword":2,"minecraft:golden_shovel":1,"minecraft:bucket":1,"minecraft:stone_axe":1,"minecraft:enchanted_book":1,"minecraft:bread":5,"minecraft:blue_dye":1,"minecraft:wooden_axe":2,"minecraft:iron_leggings":1,"minecraft:torch":348,"minecraft:diamond_chestplate":2},"minecraft:killed":{"minecraft:zombified_piglin":1,"minecraft:spider":8,"minecraft:skeleton":17,"minecraft:chicken":6,"minecraft:silverfish":7,"minecraft:pig":6,"minecraft:zombie_villager":1,"minecraft:creeper":3,"minecraft:sheep":1,"minecraft:zombie":39,"minecraft:cow":5,"minecraft:endermite":1,"minecraft:phantom":4,"minecraft:villager":2,"minecraft:enderman":4},"minecraft:dropped":{"minecraft:iron_sword":1,"minecraft:cooked_beef":5,"minecraft:baked_potato":6,"minecraft:diamond":6,"minecraft:red_shulker_box":3,"minecraft:dirt":46,"minecraft:mutton":3,"minecraft:bone_meal":27,"minecraft:iron_pickaxe":4,"minecraft:white_wool":15,"minecraft:bone":2,"minecraft:gravel":19,"minecraft:stone_axe":1,"minecraft:sugar_cane":16,"minecraft:wheat":2,"minecraft:rotten_flesh":34,"minecraft:enchanted_golden_apple":3,"minecraft:fern":2,"minecraft:charcoal":5,"minecraft:spruce_wood":12,"minecraft:powered_rail":4,"minecraft:crying_obsidian":1,"minecraft:egg":3,"minecraft:golden_boots":1,"minecraft:enchanted_book":1,"minecraft:iron_ingot":25,"minecraft:wheat_seeds":81,"minecraft:mossy_cobblestone":3,"minecraft:minecart":1,"minecraft:diamond_leggings":1,"minecraft:feather":9,"minecraft:iron_helmet":1,"minecraft:cobblestone":332,"minecraft:granite":48,"minecraft:spruce_stairs":3,"minecraft:grass_block":1,"minecraft:stick":85,"minecraft:blue_dye":1,"minecraft:diorite":35,"minecraft:torch":2,"minecraft:wooden_axe":6,"minecraft:map":2,"minecraft:diamond_helmet":1,"minecraft:iron_leggings":2,"minecraft:pumpkin":1,"minecraft:paper":3,"minecraft:string":3,"minecraft:spruce_sapling":22,"minecraft:redstone":156,"minecraft:sweet_berries":1,"minecraft:stone_sword":1,"minecraft:smooth_stone_slab":6,"minecraft:chicken":1,"minecraft:iron_boots":1,"minecraft:diamond_sword":1,"minecraft:potato":4,"minecraft:diamond_chestplate":1,"minecraft:spruce_trapdoor":2,"minecraft:spruce_planks":197,"minecraft:iron_chestplate":1,"minecraft:diamond_pickaxe":6,"minecraft:andesite":169,"minecraft:pink_shulker_box":1,"minecraft:spider_eye":2,"minecraft:spruce_log":14,"minecraft:bow":1,"minecraft:stone_pickaxe":2,"minecraft:wooden_pickaxe":1,"minecraft:black_wool":1},"minecraft:broken":{"minecraft:golden_boots":1,"minecraft:shield":1,"minecraft:iron_pickaxe":3},"minecraft:used":{"minecraft:chest":1,"minecraft:shield":100,"minecraft:iron_sword":224,"minecraft:spruce_boat":1,"minecraft:lava_bucket":13,"minecraft:bow":49,"minecraft:sweet_berries":71,"minecraft:furnace":5,"minecraft:potato":17,"minecraft:diorite":2,"minecraft:end_rod":25,"minecraft:stone_pickaxe":66,"minecraft:ender_pearl":4,"minecraft:wooden_pickaxe":29,"minecraft:blue_bed":4,"minecraft:diamond_axe":440,"minecraft:sugar_cane":5,"minecraft:end_stone":64,"minecraft:bread":11,"minecraft:diamond_sword":539,"minecraft:andesite":49,"minecraft:enchanting_table":1,"minecraft:iron_bars":1,"minecraft:stone_sword":50,"minecraft:spruce_planks":96,"minecraft:cooked_chicken":5,"minecraft:netherrack":7,"minecraft:torch":528,"minecraft:dirt":87,"minecraft:golden_shovel":17,"minecraft:spruce_fence":1,"minecraft:granite":63,"minecraft:red_shulker_box":2,"minecraft:wooden_axe":22,"minecraft:bookshelf":11,"minecraft:iron_axe":21,"minecraft:cooked_beef":27,"minecraft:enchanted_golden_apple":11,"minecraft:wheat_seeds":27,"minecraft:cooked_mutton":2,"minecraft:water_bucket":173,"minecraft:spruce_sign":2,"minecraft:cobblestone_slab":2,"minecraft:rail":1,"minecraft:crafting_table":14,"minecraft:white_bed":1,"minecraft:painting":1,"minecraft:spruce_log":3,"minecraft:diamond_pickaxe":3415,"minecraft:iron_pickaxe":1430,"minecraft:stone_axe":43,"minecraft:cobblestone":181,"minecraft:cooked_porkchop":26,"minecraft:bucket":188,"minecraft:pink_shulker_box":28},"minecraft:picked_up":{"minecraft:wooden_axe":8,"minecraft:wheat":17,"minecraft:diamond_sword":2,"minecraft:enchanted_book":3,"minecraft:golden_sword":1,"minecraft:string":3,"minecraft:smooth_stone_slab":6,"minecraft:iron_leggings":2,"minecraft:pink_shulker_box":26,"minecraft:diamond_leggings":2,"minecraft:gold_nugget":132,"minecraft:spruce_planks":143,"minecraft:cobblestone_slab":3,"minecraft:iron_pickaxe":1,"minecraft:enchanted_golden_apple":1,"minecraft:stick":65,"minecraft:torch":56,"minecraft:spruce_stairs":3,"minecraft:porkchop":12,"minecraft:diorite":72,"minecraft:rotten_flesh":49,"minecraft:end_rod":16,"minecraft:obsidian":1,"minecraft:iron_bars":1,"minecraft:cobblestone":1103,"minecraft:enchanting_table":1,"minecraft:magma_block":42,"minecraft:feather":10,"minecraft:cooked_beef":5,"minecraft:andesite":238,"minecraft:potato":29,"minecraft:dirt":129,"minecraft:lapis_lazuli":191,"minecraft:bone":24,"minecraft:bow":3,"minecraft:wheat_seeds":109,"minecraft:diamond_helmet":1,"minecraft:powered_rail":1,"minecraft:cooked_porkchop":4,"minecraft:grass_block":2,"minecraft:mossy_cobblestone":3,"minecraft:diamond":203,"minecraft:spruce_boat":2,"minecraft:granite":95,"minecraft:bone_meal":27,"minecraft:spruce_sign":2,"minecraft:emerald":30,"minecraft:bread":2,"minecraft:chorus_fruit":2,"minecraft:netherrack":583,"minecraft:diamond_pickaxe":5,"minecraft:crafting_table":5,"minecraft:chicken":6,"minecraft:brown_mushroom":6,"minecraft:wooden_pickaxe":2,"minecraft:blackstone":10,"minecraft:beef":10,"minecraft:minecart":1,"minecraft:sugar_cane":27,"minecraft:chest":1,"minecraft:spruce_trapdoor":2,"minecraft:egg":5,"minecraft:end_stone":125,"minecraft:spruce_fence":1,"minecraft:redstone":226,"minecraft:red_shulker_box":4,"minecraft:arrow":21,"minecraft:diamond_chestplate":1,"minecraft:gold_ingot":6,"minecraft:mutton":8,"minecraft:rail":1,"minecraft:white_wool":16,"minecraft:leather":1,"minecraft:fern":2,"minecraft:golden_boots":1,"minecraft:blue_bed":4,"minecraft:paper":3,"minecraft:cooked_mutton":2,"minecraft:spruce_wood":9,"minecraft:iron_ingot":144,"minecraft:cooked_chicken":1,"minecraft:iron_ore":326,"minecraft:book":3,"minecraft:scaffolding":7,"minecraft:pumpkin":1,"minecraft:sweet_berries":88,"minecraft:lava_bucket":1,"minecraft:gravel":20,"minecraft:spruce_sapling":25,"minecraft:white_bed":1,"minecraft:spruce_log":412,"minecraft:gold_ore":25,"minecraft:crying_obsidian":2,"minecraft:spider_eye":6,"minecraft:diamond_axe":1,"minecraft:baked_potato":9,"minecraft:black_wool":1,"minecraft:coal":190,"minecraft:ender_pearl":4},"minecraft:killed_by":{"minecraft:ghast":1,"minecraft:creeper":2,"minecraft:zombie":3,"minecraft:spider":1,"minecraft:enderman":2,"minecraft:skeleton":1},"minecraft:mined":{"minecraft:spruce_planks":16,"minecraft:red_shulker_box":2,"minecraft:white_bed":1,"minecraft:obsidian":1,"minecraft:granite":121,"minecraft:grass_block":20,"minecraft:magma_block":22,"minecraft:iron_ore":346,"minecraft:pumpkin":1,"minecraft:iron_bars":2,"minecraft:brown_mushroom":3,"minecraft:blackstone":1,"minecraft:torch":5,"minecraft:poppy":1,"minecraft:chest":1,"minecraft:nether_quartz_ore":6,"minecraft:cobblestone":72,"minecraft:sugar_cane":12,"minecraft:iron_door":1,"minecraft:wall_torch":15,"minecraft:spruce_sign":1,"minecraft:powered_rail":1,"minecraft:wheat":26,"minecraft:smooth_stone_slab":1,"minecraft:grass":13,"minecraft:dirt":102,"minecraft:netherrack":255,"minecraft:attached_pumpkin_stem":1,"minecraft:nether_gold_ore":36,"minecraft:diamond_ore":132,"minecraft:pink_shulker_box":18,"minecraft:crying_obsidian":2,"minecraft:mossy_cobblestone":4,"minecraft:end_stone":140,"minecraft:spruce_fence":2,"minecraft:spruce_leaves":41,"minecraft:large_fern":33,"minecraft:redstone_ore":26,"minecraft:andesite":211,"minecraft:bookshelf":1,"minecraft:potatoes":9,"minecraft:cobblestone_slab":3,"minecraft:rail":2,"minecraft:stone":2901,"minecraft:scaffolding":1,"minecraft:dandelion":1,"minecraft:crafting_table":6,"minecraft:emerald_ore":12,"minecraft:lapis_ore":24,"minecraft:diorite":152,"minecraft:blue_bed":4,"minecraft:warped_wart_block":1,"minecraft:spruce_stairs":1,"minecraft:cobblestone_wall":1,"minecraft:sweet_berry_bush":22,"minecraft:spruce_log":389,"minecraft:grass_path":5,"minecraft:coal_ore":231,"minecraft:end_rod":7,"minecraft:gravel":55,"minecraft:gold_ore":33,"minecraft:infested_stone":7,"minecraft:fern":52},"minecraft:custom":{"minecraft:interact_with_crafting_table":96,"minecraft:open_shulker_box":54,"minecraft:bell_ring":8,"minecraft:leave_game":20,"minecraft:time_since_death":10627,"minecraft:damage_resisted":278,"minecraft:sprint_one_cm":844231,"minecraft:damage_blocked_by_shield":3015,"minecraft:drop":189,"minecraft:play_noteblock":3,"minecraft:talked_to_villager":68,"minecraft:deaths":30,"minecraft:jump":11500,"minecraft:walk_on_water_one_cm":103213,"minecraft:enchant_item":19,"minecraft:interact_with_furnace":84,"minecraft:traded_with_villager":56,"minecraft:play_one_minute":712265,"minecraft:sleep_in_bed":33,"minecraft:open_enderchest":2,"minecraft:damage_dealt":17290,"minecraft:crouch_one_cm":325,"minecraft:mob_kills":107,"minecraft:interact_with_anvil":6,"minecraft:inspect_hopper":5,"minecraft:interact_with_campfire":9,"minecraft:climb_one_cm":25142,"minecraft:walk_one_cm":1977763,"minecraft:sneak_time":857,"minecraft:walk_under_water_one_cm":89469,"minecraft:boat_one_cm":1283,"minecraft:interact_with_blast_furnace":5,"minecraft:tune_noteblock":9,"minecraft:interact_with_grindstone":1,"minecraft:interact_with_stonecutter":1,"minecraft:time_since_rest":10660,"minecraft:damage_taken":13038,"minecraft:damage_absorbed":225,"minecraft:minecart_one_cm":9880,"minecraft:swim_one_cm":910,"minecraft:fly_one_cm":1807728,"minecraft:open_chest":186,"minecraft:aviate_one_cm":202656,"minecraft:fall_one_cm":334984}},"DataVersion":2586}