{"stats":{"minecraft:crafted":{"minecraft:cooked_chicken":5,"minecraft:furnace":5,"minecraft:bone_meal":27,"minecraft:bookshelf":3,"minecraft:diamond_helmet":2,"minecraft:diamond_leggings":2,"minecraft:iron_boots":1,"minecraft:iron_axe":1,"minecraft:spruce_wood":30,"minecraft:stone_pickaxe":2,"minecraft:diamond_boots":2,"minecraft:golden_boots":2,"minecraft:cooked_beef":27,"minecraft:diamond_sword":1,"minecraft:emerald":52,"minecraft:cooked_porkchop":25,"minecraft:diamond_axe":1,"minecraft:crafting_table":9,"minecraft:spruce_planks":1428,"minecraft:iron_helmet":1,"minecraft:wooden_pickaxe":1,"minecraft:iron_sword":2,"minecraft:golden_shovel":1,"minecraft:bucket":1,"minecraft:stone_axe":1,"minecraft:enchanted_book":1,"minecraft:painting":1,"minecraft:bread":5,"minecraft:blue_dye":1,"minecraft:iron_chestplate":1,"minecraft:book":1,"minecraft:paper":6,"minecraft:diamond_pickaxe":4,"minecraft:charcoal":21,"minecraft:shield":1,"minecraft:stick":2208,"minecraft:iron_ingot":199,"minecraft:iron_pickaxe":7,"minecraft:wooden_axe":2,"minecraft:stone_sword":1,"minecraft:iron_leggings":1,"minecraft:gold_ingot":10,"minecraft:torch":348,"minecraft:shears":1,"minecraft:diamond_chestplate":2},"minecraft:killed":{"minecraft:zombified_piglin":1,"minecraft:endermite":1,"minecraft:spider":7,"minecraft:phantom":4,"minecraft:skeleton":17,"minecraft:chicken":6,"minecraft:silverfish":7,"minecraft:pig":6,"minecraft:zombie_villager":1,"minecraft:creeper":2,"minecraft:sheep":1,"minecraft:zombie":32,"minecraft:villager":2,"minecraft:enderman":4,"minecraft:cow":5},"minecraft:dropped":{"minecraft:enchanted_book":1,"minecraft:golden_boots":1,"minecraft:iron_ingot":25,"minecraft:iron_sword":1,"minecraft:wheat_seeds":81,"minecraft:cooked_beef":5,"minecraft:baked_potato":6,"minecraft:mossy_cobblestone":3,"minecraft:minecart":1,"minecraft:diamond":6,"minecraft:diamond_leggings":1,"minecraft:iron_helmet":1,"minecraft:feather":9,"minecraft:cobblestone":332,"minecraft:granite":48,"minecraft:spruce_stairs":3,"minecraft:grass_block":1,"minecraft:stick":85,"minecraft:red_shulker_box":3,"minecraft:dirt":46,"minecraft:blue_dye":1,"minecraft:diorite":35,"minecraft:torch":2,"minecraft:mutton":3,"minecraft:wooden_axe":6,"minecraft:map":2,"minecraft:diamond_helmet":1,"minecraft:iron_leggings":2,"minecraft:pumpkin":1,"minecraft:bone_meal":27,"minecraft:iron_pickaxe":4,"minecraft:paper":3,"minecraft:string":3,"minecraft:white_wool":15,"minecraft:spruce_sapling":22,"minecraft:redstone":156,"minecraft:bone":2,"minecraft:gravel":19,"minecraft:stone_axe":1,"minecraft:sugar_cane":16,"minecraft:stone_sword":1,"minecraft:smooth_stone_slab":6,"minecraft:wheat":2,"minecraft:chicken":1,"minecraft:rotten_flesh":28,"minecraft:iron_boots":1,"minecraft:fern":2,"minecraft:diamond_sword":1,"minecraft:potato":4,"minecraft:diamond_chestplate":1,"minecraft:spruce_trapdoor":2,"minecraft:spruce_planks":192,"minecraft:diamond_pickaxe":5,"minecraft:iron_chestplate":1,"minecraft:charcoal":5,"minecraft:andesite":169,"minecraft:spruce_wood":12,"minecraft:pink_shulker_box":1,"minecraft:spider_eye":2,"minecraft:spruce_log":14,"minecraft:bow":1,"minecraft:powered_rail":4,"minecraft:stone_pickaxe":2,"minecraft:wooden_pickaxe":1,"minecraft:black_wool":1,"minecraft:egg":3},"minecraft:broken":{"minecraft:iron_pickaxe":3},"minecraft:used":{"minecraft:iron_bars":1,"minecraft:enchanting_table":1,"minecraft:stone_sword":50,"minecraft:chest":1,"minecraft:spruce_planks":96,"minecraft:shield":82,"minecraft:iron_sword":224,"minecraft:cooked_chicken":5,"minecraft:netherrack":7,"minecraft:torch":528,"minecraft:dirt":87,"minecraft:golden_shovel":17,"minecraft:granite":35,"minecraft:spruce_fence":1,"minecraft:red_shulker_box":2,"minecraft:wooden_axe":22,"minecraft:lava_bucket":7,"minecraft:bookshelf":11,"minecraft:iron_axe":21,"minecraft:bow":49,"minecraft:sweet_berries":56,"minecraft:furnace":5,"minecraft:cooked_beef":27,"minecraft:potato":17,"minecraft:enchanted_golden_apple":6,"minecraft:wheat_seeds":27,"minecraft:cooked_mutton":2,"minecraft:water_bucket":170,"minecraft:diorite":2,"minecraft:end_rod":25,"minecraft:stone_pickaxe":66,"minecraft:sugar_cane":5,"minecraft:blue_bed":4,"minecraft:wooden_pickaxe":29,"minecraft:ender_pearl":4,"minecraft:diamond_axe":426,"minecraft:spruce_sign":2,"minecraft:cobblestone_slab":2,"minecraft:rail":1,"minecraft:crafting_table":14,"minecraft:white_bed":1,"minecraft:painting":1,"minecraft:spruce_log":3,"minecraft:diamond_pickaxe":2982,"minecraft:iron_pickaxe":1430,"minecraft:bread":11,"minecraft:stone_axe":43,"minecraft:diamond_sword":483,"minecraft:cobblestone":146,"minecraft:cooked_porkchop":26,"minecraft:pink_shulker_box":21,"minecraft:andesite":49,"minecraft:bucket":179},"minecraft:picked_up":{"minecraft:wooden_axe":8,"minecraft:crafting_table":5,"minecraft:wheat":17,"minecraft:chicken":6,"minecraft:brown_mushroom":6,"minecraft:diamond_sword":2,"minecraft:wooden_pickaxe":2,"minecraft:enchanted_book":3,"minecraft:golden_sword":1,"minecraft:string":3,"minecraft:smooth_stone_slab":6,"minecraft:iron_leggings":2,"minecraft:pink_shulker_box":18,"minecraft:diamond_leggings":2,"minecraft:gold_nugget":78,"minecraft:spruce_planks":138,"minecraft:beef":10,"minecraft:cobblestone_slab":3,"minecraft:iron_pickaxe":1,"minecraft:minecart":1,"minecraft:sugar_cane":27,"minecraft:chest":1,"minecraft:spruce_trapdoor":2,"minecraft:egg":5,"minecraft:stick":65,"minecraft:torch":56,"minecraft:spruce_stairs":3,"minecraft:spruce_fence":1,"minecraft:porkchop":12,"minecraft:diorite":72,"minecraft:redstone":226,"minecraft:arrow":21,"minecraft:rotten_flesh":36,"minecraft:red_shulker_box":4,"minecraft:diamond_chestplate":1,"minecraft:end_rod":14,"minecraft:gold_ingot":5,"minecraft:white_wool":16,"minecraft:mutton":8,"minecraft:obsidian":1,"minecraft:iron_bars":1,"minecraft:rail":1,"minecraft:cobblestone":1103,"minecraft:enchanting_table":1,"minecraft:feather":10,"minecraft:cooked_beef":5,"minecraft:andesite":238,"minecraft:leather":1,"minecraft:fern":2,"minecraft:potato":29,"minecraft:golden_boots":1,"minecraft:lapis_lazuli":191,"minecraft:dirt":128,"minecraft:blue_bed":4,"minecraft:paper":3,"minecraft:cooked_mutton":2,"minecraft:bone":24,"minecraft:bow":3,"minecraft:wheat_seeds":109,"minecraft:spruce_wood":9,"minecraft:iron_ingot":144,"minecraft:cooked_chicken":1,"minecraft:iron_ore":326,"minecraft:diamond_helmet":1,"minecraft:powered_rail":1,"minecraft:book":3,"minecraft:scaffolding":7,"minecraft:cooked_porkchop":4,"minecraft:pumpkin":1,"minecraft:sweet_berries":87,"minecraft:gravel":20,"minecraft:lava_bucket":1,"minecraft:spruce_sapling":25,"minecraft:white_bed":1,"minecraft:spruce_log":404,"minecraft:grass_block":2,"minecraft:gold_ore":25,"minecraft:crying_obsidian":1,"minecraft:spider_eye":5,"minecraft:mossy_cobblestone":3,"minecraft:diamond":203,"minecraft:spruce_boat":1,"minecraft:granite":94,"minecraft:diamond_axe":1,"minecraft:bone_meal":27,"minecraft:bread":2,"minecraft:spruce_sign":2,"minecraft:emerald":30,"minecraft:baked_potato":9,"minecraft:black_wool":1,"minecraft:netherrack":7,"minecraft:coal":190,"minecraft:ender_pearl":4,"minecraft:diamond_pickaxe":4},"minecraft:killed_by":{"minecraft:ghast":1,"minecraft:creeper":2,"minecraft:skeleton":1,"minecraft:zombie":1},"minecraft:mined":{"minecraft:nether_gold_ore":21,"minecraft:pink_shulker_box":11,"minecraft:diamond_ore":132,"minecraft:crying_obsidian":2,"minecraft:white_bed":1,"minecraft:spruce_planks":11,"minecraft:red_shulker_box":2,"minecraft:mossy_cobblestone":4,"minecraft:obsidian":1,"minecraft:granite":120,"minecraft:spruce_fence":1,"minecraft:grass_block":20,"minecraft:spruce_leaves":41,"minecraft:large_fern":32,"minecraft:redstone_ore":26,"minecraft:iron_ore":346,"minecraft:andesite":211,"minecraft:pumpkin":1,"minecraft:bookshelf":1,"minecraft:potatoes":9,"minecraft:cobblestone_slab":3,"minecraft:rail":2,"minecraft:iron_bars":1,"minecraft:stone":2901,"minecraft:brown_mushroom":3,"minecraft:dandelion":1,"minecraft:torch":5,"minecraft:crafting_table":6,"minecraft:emerald_ore":12,"minecraft:poppy":1,"minecraft:chest":1,"minecraft:cobblestone":72,"minecraft:lapis_ore":24,"minecraft:sugar_cane":12,"minecraft:diorite":152,"minecraft:blue_bed":4,"minecraft:wall_torch":15,"minecraft:spruce_sign":1,"minecraft:warped_wart_block":1,"minecraft:spruce_stairs":1,"minecraft:powered_rail":1,"minecraft:cobblestone_wall":1,"minecraft:wheat":26,"minecraft:sweet_berry_bush":22,"minecraft:spruce_log":381,"minecraft:grass_path":5,"minecraft:smooth_stone_slab":1,"minecraft:grass":13,"minecraft:coal_ore":231,"minecraft:end_rod":7,"minecraft:gravel":54,"minecraft:dirt":102,"minecraft:netherrack":18,"minecraft:gold_ore":33,"minecraft:attached_pumpkin_stem":1,"minecraft:fern":52,"minecraft:infested_stone":7},"minecraft:custom":{"minecraft:interact_with_anvil":6,"minecraft:mob_kills":98,"minecraft:inspect_hopper":5,"minecraft:interact_with_crafting_table":89,"minecraft:open_shulker_box":47,"minecraft:interact_with_campfire":9,"minecraft:bell_ring":8,"minecraft:leave_game":20,"minecraft:time_since_death":182010,"minecraft:damage_resisted":159,"minecraft:climb_one_cm":12551,"minecraft:sprint_one_cm":795481,"minecraft:walk_one_cm":1838134,"minecraft:damage_blocked_by_shield":2175,"minecraft:drop":180,"minecraft:play_noteblock":3,"minecraft:talked_to_villager":68,"minecraft:sneak_time":698,"minecraft:deaths":24,"minecraft:walk_under_water_one_cm":89469,"minecraft:boat_one_cm":446,"minecraft:jump":10675,"minecraft:interact_with_blast_furnace":5,"minecraft:enchant_item":19,"minecraft:walk_on_water_one_cm":101024,"minecraft:interact_with_furnace":84,"minecraft:traded_with_villager":56,"minecraft:tune_noteblock":9,"minecraft:play_one_minute":670265,"minecraft:interact_with_stonecutter":1,"minecraft:interact_with_grindstone":1,"minecraft:sleep_in_bed":33,"minecraft:time_since_rest":141482,"minecraft:damage_absorbed":198,"minecraft:open_enderchest":2,"minecraft:damage_taken":10823,"minecraft:damage_dealt":15800,"minecraft:minecart_one_cm":9880,"minecraft:swim_one_cm":910,"minecraft:fly_one_cm":1712637,"minecraft:open_chest":179,"minecraft:crouch_one_cm":325,"minecraft:aviate_one_cm":107557,"minecraft:fall_one_cm":316858}},"DataVersion":2586}