{"stats":{"minecraft:picked_up":{"minecraft:sweet_berries":10,"minecraft:andesite":1,"minecraft:torch":3,"minecraft:potato":1,"minecraft:spruce_log":19,"minecraft:string":2,"minecraft:spider_eye":1,"minecraft:dirt":24,"minecraft:blue_bed":1,"minecraft:arrow":1,"minecraft:rotten_flesh":2,"minecraft:wheat_seeds":8,"minecraft:iron_ingot":5,"minecraft:iron_ore":35,"minecraft:coal":23,"minecraft:cobblestone":36},"minecraft:killed_by":{"minecraft:skeleton":1,"minecraft:creeper":1},"minecraft:used":{"minecraft:wheat_seeds":6,"minecraft:wooden_axe":22,"minecraft:stone_sword":50,"minecraft:bread":4,"minecraft:stone_pickaxe":66,"minecraft:wooden_pickaxe":29,"minecraft:blue_bed":1,"minecraft:stone_axe":43,"minecraft:torch":20,"minecraft:dirt":21,"minecraft:sweet_berries":13,"minecraft:crafting_table":1,"minecraft:furnace":1,"minecraft:potato":7},"minecraft:custom":{"minecraft:time_since_rest":5284,"minecraft:interact_with_furnace":12,"minecraft:sprint_one_cm":49593,"minecraft:damage_taken":1020,"minecraft:walk_one_cm":179809,"minecraft:mob_kills":9,"minecraft:damage_dealt":1544,"minecraft:talked_to_villager":1,"minecraft:interact_with_crafting_table":13,"minecraft:fly_one_cm":54144,"minecraft:open_chest":9,"minecraft:play_one_minute":36331,"minecraft:deaths":2,"minecraft:sneak_time":8,"minecraft:jump":562,"minecraft:interact_with_grindstone":1,"minecraft:time_since_death":12483,"minecraft:sleep_in_bed":2,"minecraft:climb_one_cm":315,"minecraft:fall_one_cm":13642},"minecraft:mined":{"minecraft:attached_pumpkin_stem":1,"minecraft:large_fern":20,"minecraft:iron_ore":35,"minecraft:wheat":3,"minecraft:sweet_berry_bush":3,"minecraft:spruce_log":19,"minecraft:grass":5,"minecraft:grass_block":4,"minecraft:coal_ore":23,"minecraft:poppy":1,"minecraft:dirt":7,"minecraft:spruce_leaves":4,"minecraft:stone":30,"minecraft:wall_torch":2,"minecraft:blue_bed":1,"minecraft:fern":34},"minecraft:killed":{"minecraft:skeleton":2,"minecraft:zombie":4,"minecraft:zombie_villager":1,"minecraft:spider":2},"minecraft:crafted":{"minecraft:iron_chestplate":1,"minecraft:charcoal":21,"minecraft:shield":1,"minecraft:crafting_table":1,"minecraft:spruce_wood":21,"minecraft:iron_pickaxe":1,"minecraft:spruce_planks":88,"minecraft:stick":32,"minecraft:iron_ingot":16,"minecraft:wooden_pickaxe":1,"minecraft:stone_pickaxe":2,"minecraft:wooden_axe":2,"minecraft:stone_sword":1,"minecraft:iron_sword":1,"minecraft:furnace":1,"minecraft:torch":64,"minecraft:stone_axe":1}},"DataVersion":2586}