{"stats":{"minecraft:dropped":{"minecraft:stone_axe":1,"minecraft:wheat_seeds":78,"minecraft:stone_sword":1,"minecraft:wheat":2,"minecraft:rotten_flesh":2,"minecraft:pumpkin":1,"minecraft:stone_pickaxe":1},"minecraft:picked_up":{"minecraft:wheat":17,"minecraft:feather":6,"minecraft:chicken":5,"minecraft:andesite":2,"minecraft:potato":12,"minecraft:string":2,"minecraft:blue_bed":4,"minecraft:dirt":24,"minecraft:cooked_mutton":2,"minecraft:bone":4,"minecraft:wheat_seeds":105,"minecraft:iron_ingot":5,"minecraft:iron_ore":104,"minecraft:egg":3,"minecraft:cooked_porkchop":4,"minecraft:pumpkin":1,"minecraft:sweet_berries":29,"minecraft:torch":3,"minecraft:spruce_fence":1,"minecraft:porkchop":9,"minecraft:spruce_sapling":1,"minecraft:redstone":50,"minecraft:spruce_log":19,"minecraft:gold_ore":1,"minecraft:spider_eye":1,"minecraft:arrow":4,"minecraft:rotten_flesh":2,"minecraft:baked_potato":3,"minecraft:mutton":2,"minecraft:coal":99,"minecraft:white_wool":1,"minecraft:cobblestone":61},"minecraft:killed_by":{"minecraft:skeleton":1,"minecraft:creeper":1},"minecraft:used":{"minecraft:wheat_seeds":27,"minecraft:cooked_mutton":2,"minecraft:water_bucket":3,"minecraft:stone_sword":50,"minecraft:stone_pickaxe":66,"minecraft:shield":4,"minecraft:wooden_pickaxe":29,"minecraft:iron_sword":91,"minecraft:blue_bed":3,"minecraft:cooked_chicken":2,"minecraft:torch":68,"minecraft:dirt":21,"minecraft:crafting_table":2,"minecraft:spruce_fence":1,"minecraft:wooden_axe":22,"minecraft:iron_axe":7,"minecraft:iron_pickaxe":213,"minecraft:bread":4,"minecraft:stone_axe":43,"minecraft:cobblestone":4,"minecraft:sweet_berries":13,"minecraft:furnace":2,"minecraft:cooked_porkchop":1,"minecraft:bucket":4,"minecraft:potato":15},"minecraft:custom":{"minecraft:interact_with_furnace":34,"minecraft:mob_kills":22,"minecraft:interact_with_crafting_table":29,"minecraft:interact_with_campfire":9,"minecraft:play_one_minute":73332,"minecraft:interact_with_grindstone":1,"minecraft:time_since_death":49484,"minecraft:sleep_in_bed":5,"minecraft:climb_one_cm":315,"minecraft:time_since_rest":3514,"minecraft:sprint_one_cm":77991,"minecraft:damage_taken":1248,"minecraft:walk_one_cm":334390,"minecraft:damage_blocked_by_shield":160,"minecraft:drop":8,"minecraft:damage_dealt":2808,"minecraft:talked_to_villager":1,"minecraft:fly_one_cm":70902,"minecraft:open_chest":10,"minecraft:deaths":2,"minecraft:sneak_time":8,"minecraft:walk_under_water_one_cm":3420,"minecraft:jump":999,"minecraft:interact_with_blast_furnace":1,"minecraft:walk_on_water_one_cm":7221,"minecraft:fall_one_cm":22017},"minecraft:mined":{"minecraft:attached_pumpkin_stem":1,"minecraft:spruce_fence":1,"minecraft:grass_block":4,"minecraft:poppy":1,"minecraft:spruce_leaves":15,"minecraft:blue_bed":4,"minecraft:wall_torch":2,"minecraft:large_fern":21,"minecraft:redstone_ore":11,"minecraft:iron_ore":105,"minecraft:wheat":26,"minecraft:sweet_berry_bush":14,"minecraft:spruce_log":19,"minecraft:andesite":1,"minecraft:pumpkin":1,"minecraft:grass":7,"minecraft:potatoes":7,"minecraft:coal_ore":106,"minecraft:dirt":7,"minecraft:stone":57,"minecraft:gold_ore":1,"minecraft:fern":35},"minecraft:killed":{"minecraft:pig":4,"minecraft:zombie_villager":1,"minecraft:spider":2,"minecraft:sheep":1,"minecraft:skeleton":5,"minecraft:zombie":4,"minecraft:chicken":5},"minecraft:crafted":{"minecraft:cooked_porkchop":5,"minecraft:crafting_table":2,"minecraft:spruce_planks":88,"minecraft:cooked_chicken":5,"minecraft:wooden_pickaxe":1,"minecraft:iron_helmet":1,"minecraft:iron_sword":1,"minecraft:furnace":2,"minecraft:bucket":1,"minecraft:stone_axe":1,"minecraft:bread":5,"minecraft:iron_boots":1,"minecraft:iron_chestplate":1,"minecraft:charcoal":21,"minecraft:shield":1,"minecraft:iron_axe":1,"minecraft:spruce_wood":21,"minecraft:stick":80,"minecraft:iron_ingot":68,"minecraft:iron_pickaxe":2,"minecraft:stone_pickaxe":2,"minecraft:wooden_axe":2,"minecraft:stone_sword":1,"minecraft:iron_leggings":1,"minecraft:torch":132}},"DataVersion":2586}