{"stats":{"minecraft:picked_up":{"minecraft:sweet_berries":3,"minecraft:wheat_seeds":8,"minecraft:spruce_log":19,"minecraft:blue_bed":1,"minecraft:dirt":3,"minecraft:cobblestone":28},"minecraft:used":{"minecraft:wheat_seeds":6,"minecraft:wooden_axe":22,"minecraft:crafting_table":1,"minecraft:furnace":1,"minecraft:bread":1,"minecraft:wooden_pickaxe":29,"minecraft:potato":5},"minecraft:custom":{"minecraft:time_since_rest":12331,"minecraft:open_chest":6,"minecraft:interact_with_furnace":2,"minecraft:play_one_minute":12331,"minecraft:sprint_one_cm":9864,"minecraft:damage_taken":130,"minecraft:walk_one_cm":65329,"minecraft:sneak_time":8,"minecraft:jump":123,"minecraft:time_since_death":12331,"minecraft:climb_one_cm":315,"minecraft:interact_with_crafting_table":2,"minecraft:fall_one_cm":2554,"minecraft:fly_one_cm":5422},"minecraft:mined":{"minecraft:large_fern":20,"minecraft:grass":5,"minecraft:poppy":1,"minecraft:grass_block":3,"minecraft:wheat":3,"minecraft:sweet_berry_bush":1,"minecraft:stone":28,"minecraft:spruce_leaves":2,"minecraft:spruce_log":19,"minecraft:attached_pumpkin_stem":1,"minecraft:fern":31,"minecraft:blue_bed":1},"minecraft:crafted":{"minecraft:furnace":1,"minecraft:stone_axe":1,"minecraft:crafting_table":1,"minecraft:spruce_wood":21,"minecraft:spruce_planks":24,"minecraft:stick":20,"minecraft:stone_pickaxe":2,"minecraft:wooden_pickaxe":1,"minecraft:wooden_axe":2}},"DataVersion":2586}