{"stats":{"minecraft:custom":{"minecraft:jump":67,"minecraft:time_since_rest":1661,"minecraft:damage_dealt":46,"minecraft:play_one_minute":1661,"minecraft:leave_game":1,"minecraft:walk_on_water_one_cm":411,"minecraft:sprint_one_cm":7585,"minecraft:damage_taken":75,"minecraft:time_since_death":1661,"minecraft:walk_one_cm":2907,"minecraft:drop":1,"minecraft:fall_one_cm":2744,"minecraft:fly_one_cm":11612},"minecraft:dropped":{"minecraft:wheat_seeds":1},"minecraft:mined":{"minecraft:grass":1,"minecraft:birch_leaves":1,"minecraft:oak_leaves":1},"minecraft:picked_up":{"minecraft:wheat_seeds":1}},"DataVersion":2586}