{"stats":{"minecraft:crafted":{"minecraft:wooden_sword":2,"minecraft:oak_boat":1,"minecraft:oak_planks":44,"minecraft:crafting_table":3,"minecraft:stick":4,"minecraft:wooden_pickaxe":1,"minecraft:white_bed":1},"minecraft:killed_by":{"minecraft:zombie":2},"minecraft:used":{"minecraft:ender_pearl":1,"minecraft:wooden_pickaxe":7,"minecraft:rotten_flesh":3,"minecraft:wooden_sword":53,"minecraft:dirt":1,"minecraft:mutton":4,"minecraft:beef":12,"minecraft:crafting_table":5,"minecraft:oak_sapling":1,"minecraft:porkchop":3,"minecraft:oak_boat":2,"minecraft:white_bed":2,"minecraft:egg":1},"minecraft:picked_up":{"minecraft:crafting_table":2,"minecraft:stick":2,"minecraft:leather":4,"minecraft:porkchop":3,"minecraft:oak_log":15,"minecraft:white_bed":3,"minecraft:dirt":1,"minecraft:wooden_sword":2,"minecraft:bone":2,"minecraft:rotten_flesh":3,"minecraft:beef":12,"minecraft:oak_boat":1,"minecraft:oak_sapling":1,"minecraft:mutton":4,"minecraft:cobblestone":7,"minecraft:white_wool":3,"minecraft:egg":1,"minecraft:ender_pearl":2},"minecraft:mined":{"minecraft:white_bed":2,"minecraft:crafting_table":2,"minecraft:grass":3,"minecraft:oak_log":11,"minecraft:stone":7,"minecraft:oak_leaves":2},"minecraft:killed":{"minecraft:sheep":3,"minecraft:skeleton":1,"minecraft:zombie":2,"minecraft:pig":1,"minecraft:enderman":1,"minecraft:cow":6},"minecraft:custom":{"minecraft:time_since_rest":4779,"minecraft:sprint_one_cm":110599,"minecraft:damage_taken":895,"minecraft:walk_one_cm":69049,"minecraft:mob_kills":14,"minecraft:drop":6,"minecraft:damage_dealt":2240,"minecraft:swim_one_cm":353,"minecraft:interact_with_crafting_table":5,"minecraft:fly_one_cm":124911,"minecraft:crouch_one_cm":632,"minecraft:play_one_minute":36737,"minecraft:deaths":2,"minecraft:sneak_time":32,"minecraft:walk_under_water_one_cm":725,"minecraft:boat_one_cm":396869,"minecraft:jump":742,"minecraft:leave_game":1,"minecraft:walk_on_water_one_cm":9570,"minecraft:time_since_death":31405,"minecraft:sleep_in_bed":2,"minecraft:fall_one_cm":17184},"minecraft:dropped":{"minecraft:oak_log":4,"minecraft:ender_pearl":1,"minecraft:wooden_sword":1}},"DataVersion":2586}