{"stats":{"minecraft:broken":{"minecraft:iron_pickaxe":1},"minecraft:dropped":{"minecraft:sweet_berries":1,"minecraft:oak_log":4,"minecraft:ender_pearl":1,"minecraft:wooden_sword":1,"minecraft:stone_pickaxe":1},"minecraft:picked_up":{"minecraft:crafting_table":2,"minecraft:iron_chestplate":1,"minecraft:andesite":8,"minecraft:leather":4,"minecraft:wooden_pickaxe":1,"minecraft:oak_log":15,"minecraft:dirt":26,"minecraft:wooden_sword":2,"minecraft:bone":2,"minecraft:beef":12,"minecraft:oak_boat":3,"minecraft:iron_ore":62,"minecraft:egg":1,"minecraft:stick":2,"minecraft:sweet_berries":81,"minecraft:porkchop":3,"minecraft:diorite":11,"minecraft:white_bed":6,"minecraft:redstone":4,"minecraft:rotten_flesh":3,"minecraft:diamond":8,"minecraft:granite":36,"minecraft:oak_sapling":1,"minecraft:mutton":6,"minecraft:coal":46,"minecraft:white_wool":3,"minecraft:cobblestone":211,"minecraft:ender_pearl":2},"minecraft:killed_by":{"minecraft:zombie":2},"minecraft:used":{"minecraft:stone_pickaxe":128,"minecraft:ender_pearl":1,"minecraft:wooden_pickaxe":7,"minecraft:wooden_shovel":12,"minecraft:rotten_flesh":3,"minecraft:dirt":7,"minecraft:mutton":6,"minecraft:crafting_table":5,"minecraft:white_bed":6,"minecraft:granite":5,"minecraft:iron_pickaxe":250,"minecraft:wooden_sword":67,"minecraft:beef":12,"minecraft:sweet_berries":53,"minecraft:furnace":1,"minecraft:oak_sapling":1,"minecraft:porkchop":3,"minecraft:oak_boat":3,"minecraft:egg":1},"minecraft:custom":{"minecraft:interact_with_furnace":3,"minecraft:mob_kills":16,"minecraft:interact_with_crafting_table":11,"minecraft:play_one_minute":71146,"minecraft:leave_game":2,"minecraft:time_since_death":65814,"minecraft:sleep_in_bed":4,"minecraft:time_since_rest":13601,"minecraft:sprint_one_cm":234724,"minecraft:damage_taken":1203,"minecraft:walk_one_cm":139700,"minecraft:drop":8,"minecraft:damage_dealt":2568,"minecraft:swim_one_cm":759,"minecraft:fly_one_cm":241732,"minecraft:crouch_one_cm":632,"minecraft:deaths":2,"minecraft:sneak_time":33,"minecraft:walk_under_water_one_cm":786,"minecraft:boat_one_cm":396869,"minecraft:jump":1489,"minecraft:walk_on_water_one_cm":12084,"minecraft:fall_one_cm":35763},"minecraft:mined":{"minecraft:diamond_ore":8,"minecraft:white_bed":5,"minecraft:crafting_table":2,"minecraft:granite":36,"minecraft:grass_block":15,"minecraft:spruce_leaves":11,"minecraft:diorite":11,"minecraft:large_fern":2,"minecraft:redstone_ore":1,"minecraft:iron_ore":62,"minecraft:sweet_berry_bush":36,"minecraft:andesite":8,"minecraft:grass":3,"minecraft:oak_log":11,"minecraft:coal_ore":47,"minecraft:dirt":21,"minecraft:stone":211,"minecraft:oak_leaves":2,"minecraft:fern":5},"minecraft:killed":{"minecraft:wolf":1,"minecraft:pig":1,"minecraft:sheep":3,"minecraft:skeleton":1,"minecraft:zombie":3,"minecraft:cow":6,"minecraft:enderman":1},"minecraft:crafted":{"minecraft:wooden_sword":2,"minecraft:oak_planks":44,"minecraft:wooden_shovel":1,"minecraft:leather_boots":1,"minecraft:crafting_table":3,"minecraft:wooden_pickaxe":1,"minecraft:furnace":1,"minecraft:air":0,"minecraft:oak_boat":1,"minecraft:stick":12,"minecraft:iron_ingot":3,"minecraft:iron_pickaxe":1,"minecraft:stone_pickaxe":1,"minecraft:white_bed":1}},"DataVersion":2586}