{"stats":{"minecraft:dropped":{"minecraft:oak_log":4,"minecraft:ender_pearl":1,"minecraft:wooden_sword":1},"minecraft:picked_up":{"minecraft:crafting_table":2,"minecraft:stick":2,"minecraft:sweet_berries":11,"minecraft:leather":4,"minecraft:porkchop":3,"minecraft:oak_log":15,"minecraft:white_bed":4,"minecraft:dirt":1,"minecraft:wooden_sword":2,"minecraft:bone":2,"minecraft:rotten_flesh":3,"minecraft:beef":12,"minecraft:oak_boat":1,"minecraft:oak_sapling":1,"minecraft:mutton":6,"minecraft:ender_pearl":2,"minecraft:white_wool":3,"minecraft:cobblestone":7,"minecraft:egg":1},"minecraft:killed_by":{"minecraft:zombie":2},"minecraft:used":{"minecraft:ender_pearl":1,"minecraft:wooden_pickaxe":7,"minecraft:rotten_flesh":3,"minecraft:wooden_sword":53,"minecraft:dirt":1,"minecraft:mutton":6,"minecraft:beef":12,"minecraft:sweet_berries":11,"minecraft:crafting_table":5,"minecraft:oak_sapling":1,"minecraft:porkchop":3,"minecraft:white_bed":3,"minecraft:oak_boat":2,"minecraft:egg":1},"minecraft:custom":{"minecraft:time_since_rest":3196,"minecraft:sprint_one_cm":178949,"minecraft:damage_taken":905,"minecraft:walk_one_cm":92018,"minecraft:mob_kills":14,"minecraft:drop":6,"minecraft:damage_dealt":2240,"minecraft:swim_one_cm":353,"minecraft:interact_with_crafting_table":5,"minecraft:fly_one_cm":204776,"minecraft:play_one_minute":47275,"minecraft:crouch_one_cm":632,"minecraft:deaths":2,"minecraft:sneak_time":32,"minecraft:walk_under_water_one_cm":725,"minecraft:boat_one_cm":396869,"minecraft:jump":1127,"minecraft:leave_game":1,"minecraft:time_since_death":41943,"minecraft:walk_on_water_one_cm":9605,"minecraft:sleep_in_bed":3,"minecraft:fall_one_cm":26651},"minecraft:mined":{"minecraft:white_bed":3,"minecraft:sweet_berry_bush":4,"minecraft:crafting_table":2,"minecraft:grass":3,"minecraft:oak_log":11,"minecraft:spruce_leaves":8,"minecraft:stone":7,"minecraft:oak_leaves":2,"minecraft:fern":1},"minecraft:killed":{"minecraft:sheep":3,"minecraft:skeleton":1,"minecraft:zombie":2,"minecraft:pig":1,"minecraft:enderman":1,"minecraft:cow":6},"minecraft:crafted":{"minecraft:wooden_sword":2,"minecraft:oak_boat":1,"minecraft:oak_planks":44,"minecraft:crafting_table":3,"minecraft:stick":4,"minecraft:wooden_pickaxe":1,"minecraft:white_bed":1}},"DataVersion":2586}