{"stats":{"minecraft:dropped":{"minecraft:sweet_berries":1,"minecraft:oak_log":4,"minecraft:ender_pearl":1,"minecraft:wooden_sword":1},"minecraft:picked_up":{"minecraft:crafting_table":2,"minecraft:iron_chestplate":1,"minecraft:leather":4,"minecraft:wooden_pickaxe":1,"minecraft:oak_log":15,"minecraft:dirt":26,"minecraft:wooden_sword":2,"minecraft:bone":2,"minecraft:beef":12,"minecraft:oak_boat":3,"minecraft:iron_ore":8,"minecraft:egg":1,"minecraft:stick":2,"minecraft:sweet_berries":81,"minecraft:porkchop":3,"minecraft:white_bed":6,"minecraft:rotten_flesh":3,"minecraft:granite":5,"minecraft:oak_sapling":1,"minecraft:mutton":6,"minecraft:white_wool":3,"minecraft:cobblestone":26,"minecraft:ender_pearl":2},"minecraft:killed_by":{"minecraft:zombie":2},"minecraft:used":{"minecraft:stone_pickaxe":35,"minecraft:ender_pearl":1,"minecraft:wooden_pickaxe":7,"minecraft:wooden_shovel":12,"minecraft:rotten_flesh":3,"minecraft:dirt":1,"minecraft:mutton":6,"minecraft:crafting_table":5,"minecraft:white_bed":6,"minecraft:wooden_sword":61,"minecraft:beef":12,"minecraft:sweet_berries":44,"minecraft:oak_sapling":1,"minecraft:porkchop":3,"minecraft:oak_boat":3,"minecraft:egg":1},"minecraft:custom":{"minecraft:mob_kills":15,"minecraft:interact_with_crafting_table":9,"minecraft:play_one_minute":59275,"minecraft:leave_game":1,"minecraft:time_since_death":53943,"minecraft:sleep_in_bed":4,"minecraft:time_since_rest":1730,"minecraft:sprint_one_cm":232997,"minecraft:damage_taken":1184,"minecraft:walk_one_cm":111618,"minecraft:drop":7,"minecraft:damage_dealt":2370,"minecraft:swim_one_cm":759,"minecraft:fly_one_cm":241423,"minecraft:crouch_one_cm":632,"minecraft:deaths":2,"minecraft:sneak_time":33,"minecraft:walk_under_water_one_cm":786,"minecraft:boat_one_cm":396869,"minecraft:jump":1381,"minecraft:walk_on_water_one_cm":11028,"minecraft:fall_one_cm":35341},"minecraft:mined":{"minecraft:white_bed":5,"minecraft:crafting_table":2,"minecraft:granite":5,"minecraft:grass_block":15,"minecraft:spruce_leaves":11,"minecraft:large_fern":2,"minecraft:iron_ore":10,"minecraft:sweet_berry_bush":36,"minecraft:grass":3,"minecraft:oak_log":11,"minecraft:dirt":21,"minecraft:stone":26,"minecraft:oak_leaves":2,"minecraft:fern":5},"minecraft:killed":{"minecraft:wolf":1,"minecraft:pig":1,"minecraft:sheep":3,"minecraft:skeleton":1,"minecraft:zombie":2,"minecraft:enderman":1,"minecraft:cow":6},"minecraft:crafted":{"minecraft:wooden_sword":2,"minecraft:oak_planks":44,"minecraft:wooden_shovel":1,"minecraft:leather_boots":1,"minecraft:crafting_table":3,"minecraft:wooden_pickaxe":1,"minecraft:oak_boat":1,"minecraft:stick":8,"minecraft:stone_pickaxe":1,"minecraft:white_bed":1}},"DataVersion":2586}