{"stats":{"minecraft:broken":{"minecraft:iron_pickaxe":3},"minecraft:picked_up":{"minecraft:crafting_table":2,"minecraft:iron_chestplate":1,"minecraft:andesite":23,"minecraft:leather":4,"minecraft:wooden_pickaxe":1,"minecraft:flint":7,"minecraft:oak_log":15,"minecraft:dirt":44,"minecraft:wooden_sword":2,"minecraft:bone":2,"minecraft:spruce_planks":16,"minecraft:iron_ingot":5,"minecraft:beef":12,"minecraft:oak_boat":3,"minecraft:iron_ore":200,"minecraft:wooden_shovel":1,"minecraft:poppy":2,"minecraft:chest":1,"minecraft:egg":1,"minecraft:stick":2,"minecraft:sweet_berries":81,"minecraft:torch":2,"minecraft:gravel":34,"minecraft:porkchop":3,"minecraft:blast_furnace":1,"minecraft:diorite":34,"minecraft:white_bed":6,"minecraft:spruce_log":6,"minecraft:gold_ore":16,"minecraft:redstone":4,"minecraft:rotten_flesh":5,"minecraft:diamond":65,"minecraft:granite":38,"minecraft:emerald":20,"minecraft:oak_sapling":1,"minecraft:mutton":6,"minecraft:coal":47,"minecraft:white_wool":3,"minecraft:cobblestone":585,"minecraft:ender_pearl":2},"minecraft:dropped":{"minecraft:bread":56,"minecraft:sweet_berries":1,"minecraft:oak_log":4,"minecraft:ender_pearl":1,"minecraft:diamond":34,"minecraft:wooden_shovel":1,"minecraft:wooden_sword":1,"minecraft:stone_pickaxe":1},"minecraft:killed_by":{"minecraft:zombie":2},"minecraft:used":{"minecraft:stone_pickaxe":128,"minecraft:baked_potato":5,"minecraft:ender_pearl":1,"minecraft:chest":4,"minecraft:wooden_pickaxe":7,"minecraft:wooden_shovel":51,"minecraft:rotten_flesh":3,"minecraft:dirt":35,"minecraft:mutton":6,"minecraft:crafting_table":5,"minecraft:blast_furnace":1,"minecraft:white_bed":6,"minecraft:granite":12,"minecraft:iron_pickaxe":858,"minecraft:wooden_sword":94,"minecraft:cobblestone":12,"minecraft:beef":12,"minecraft:sweet_berries":71,"minecraft:furnace":1,"minecraft:oak_sapling":1,"minecraft:porkchop":3,"minecraft:oak_boat":3,"minecraft:egg":1},"minecraft:custom":{"minecraft:interact_with_furnace":10,"minecraft:mob_kills":17,"minecraft:traded_with_villager":20,"minecraft:interact_with_crafting_table":21,"minecraft:play_one_minute":110904,"minecraft:leave_game":3,"minecraft:time_since_death":105572,"minecraft:sleep_in_bed":5,"minecraft:time_since_rest":25552,"minecraft:sprint_one_cm":254057,"minecraft:damage_taken":1468,"minecraft:walk_one_cm":254636,"minecraft:drop":14,"minecraft:damage_dealt":3608,"minecraft:talked_to_villager":4,"minecraft:swim_one_cm":759,"minecraft:fly_one_cm":250113,"minecraft:open_chest":4,"minecraft:crouch_one_cm":1761,"minecraft:deaths":2,"minecraft:sneak_time":881,"minecraft:walk_under_water_one_cm":786,"minecraft:boat_one_cm":396869,"minecraft:jump":2082,"minecraft:interact_with_blast_furnace":7,"minecraft:walk_on_water_one_cm":12084,"minecraft:fall_one_cm":39587},"minecraft:mined":{"minecraft:diamond_ore":34,"minecraft:white_bed":5,"minecraft:crafting_table":2,"minecraft:granite":38,"minecraft:blast_furnace":1,"minecraft:grass_block":17,"minecraft:chest":1,"minecraft:spruce_leaves":13,"minecraft:diorite":34,"minecraft:large_fern":2,"minecraft:redstone_ore":1,"minecraft:iron_ore":201,"minecraft:sweet_berry_bush":36,"minecraft:spruce_log":6,"minecraft:andesite":24,"minecraft:grass":3,"minecraft:oak_log":11,"minecraft:coal_ore":48,"minecraft:dirt":26,"minecraft:gravel":42,"minecraft:stone":585,"minecraft:gold_ore":16,"minecraft:oak_leaves":2,"minecraft:fern":5},"minecraft:killed":{"minecraft:wolf":1,"minecraft:pig":1,"minecraft:iron_golem":1,"minecraft:sheep":3,"minecraft:skeleton":1,"minecraft:zombie":3,"minecraft:cow":6,"minecraft:enderman":1},"minecraft:crafted":{"minecraft:wooden_sword":2,"minecraft:oak_planks":44,"minecraft:wooden_shovel":1,"minecraft:leather_boots":1,"minecraft:crafting_table":3,"minecraft:spruce_planks":24,"minecraft:wooden_pickaxe":1,"minecraft:baked_potato":9,"minecraft:furnace":2,"minecraft:bread":120,"minecraft:air":0,"minecraft:oak_boat":1,"minecraft:stick":20,"minecraft:iron_ingot":94,"minecraft:iron_pickaxe":5,"minecraft:stone_pickaxe":1,"minecraft:chest":3,"minecraft:white_bed":1}},"DataVersion":2586}