{"stats":{"minecraft:used":{"minecraft:poppy":2,"minecraft:chest":12,"minecraft:shield":51,"minecraft:wooden_shovel":59,"minecraft:rotten_flesh":3,"minecraft:netherrack":79,"minecraft:mutton":6,"minecraft:dirt":126,"minecraft:warped_wart_block":1,"minecraft:hopper":1,"minecraft:nether_bricks":9,"minecraft:cobblestone_wall":1,"minecraft:granite":41,"minecraft:obsidian":4,"minecraft:spruce_boat":1,"minecraft:lava_bucket":44,"minecraft:iron_axe":314,"minecraft:warped_nylium":2,"minecraft:beef":12,"minecraft:warped_fungus":1,"minecraft:sweet_berries":108,"minecraft:oak_sapling":1,"minecraft:furnace":4,"minecraft:egg":1,"minecraft:potato":147,"minecraft:water_bucket":79,"minecraft:diorite":14,"minecraft:glass_bottle":1,"minecraft:stone_pickaxe":128,"minecraft:baked_potato":7,"minecraft:wooden_pickaxe":7,"minecraft:blackstone":8,"minecraft:ender_pearl":2,"minecraft:blue_bed":3,"minecraft:fletching_table":2,"minecraft:cobblestone_slab":17,"minecraft:warped_roots":4,"minecraft:crafting_table":8,"minecraft:blast_furnace":2,"minecraft:white_bed":7,"minecraft:spruce_log":11,"minecraft:diamond_pickaxe":2378,"minecraft:crying_obsidian":6,"minecraft:iron_pickaxe":1204,"minecraft:lectern":77,"minecraft:command_block":3,"minecraft:bread":101,"minecraft:stone_slab":1,"minecraft:diamond_sword":423,"minecraft:wooden_sword":96,"minecraft:potion":1,"minecraft:cobblestone":249,"minecraft:purple_bed":2,"minecraft:porkchop":3,"minecraft:andesite":32,"minecraft:lapis_block":1,"minecraft:bucket":122,"minecraft:oak_boat":5},"minecraft:custom":{"minecraft:interact_with_anvil":7,"minecraft:mob_kills":135,"minecraft:interact_with_crafting_table":58,"minecraft:bell_ring":15,"minecraft:leave_game":20,"minecraft:time_since_death":104743,"minecraft:climb_one_cm":3064,"minecraft:sprint_one_cm":1030859,"minecraft:walk_one_cm":1509101,"minecraft:damage_blocked_by_shield":1890,"minecraft:drop":198,"minecraft:talked_to_villager":193,"minecraft:sneak_time":16324,"minecraft:deaths":18,"minecraft:walk_under_water_one_cm":37361,"minecraft:boat_one_cm":404699,"minecraft:jump":8571,"minecraft:interact_with_blast_furnace":16,"minecraft:enchant_item":7,"minecraft:walk_on_water_one_cm":68759,"minecraft:interact_with_furnace":36,"minecraft:traded_with_villager":106,"minecraft:play_one_minute":564093,"minecraft:sleep_in_bed":10,"minecraft:time_since_rest":78893,"minecraft:damage_taken":9626,"minecraft:damage_dealt":25944,"minecraft:swim_one_cm":5307,"minecraft:fly_one_cm":975482,"minecraft:open_chest":191,"minecraft:crouch_one_cm":55484,"minecraft:fall_one_cm":185440,"minecraft:interact_with_smoker":1},"minecraft:picked_up":{"minecraft:iron_chestplate":1,"minecraft:crafting_table":2,"minecraft:splash_potion":1,"minecraft:nether_wart":22,"minecraft:wooden_pickaxe":2,"minecraft:enchanted_book":8,"minecraft:potion":2,"minecraft:nether_brick":15,"minecraft:golden_sword":1,"minecraft:lapis_block":11,"minecraft:string":15,"minecraft:iron_axe":5,"minecraft:wooden_sword":2,"minecraft:blackstone":21,"minecraft:diamond_leggings":1,"minecraft:gold_nugget":58,"minecraft:bucket":2,"minecraft:spruce_planks":81,"minecraft:beef":12,"minecraft:oak_boat":5,"minecraft:cobblestone_slab":7,"minecraft:iron_pickaxe":1,"minecraft:iron_nugget":35,"minecraft:wooden_shovel":1,"minecraft:poppy":2,"minecraft:spruce_slab":2,"minecraft:lectern":78,"minecraft:sugar_cane":23,"minecraft:chest":5,"minecraft:egg":1,"minecraft:furnace":1,"minecraft:stick":70,"minecraft:oak_fence":2,"minecraft:torch":7,"minecraft:fire_charge":1,"minecraft:porkchop":17,"minecraft:diorite":130,"minecraft:redstone":111,"minecraft:arrow":21,"minecraft:rotten_flesh":54,"minecraft:command_block":1,"minecraft:diamond_chestplate":1,"minecraft:nether_bricks":11,"minecraft:diamond_boots":1,"minecraft:gold_ingot":5,"minecraft:mutton":6,"minecraft:blaze_rod":4,"minecraft:obsidian":5,"minecraft:rail":2,"minecraft:white_wool":3,"minecraft:cobblestone":1813,"minecraft:magma_block":42,"minecraft:feather":6,"minecraft:crimson_stem":5,"minecraft:andesite":180,"minecraft:leather":16,"minecraft:potato":131,"minecraft:flint":22,"minecraft:ancient_debris":10,"minecraft:oak_log":15,"minecraft:cobblestone_wall":4,"minecraft:gunpowder":2,"minecraft:map":4,"minecraft:lapis_lazuli":35,"minecraft:blue_bed":5,"minecraft:dirt":308,"minecraft:name_tag":1,"minecraft:leather_boots":1,"minecraft:glass":24,"minecraft:bone":28,"minecraft:bow":3,"minecraft:wheat_seeds":3,"minecraft:spruce_wood":3,"minecraft:iron_ingot":170,"minecraft:iron_ore":319,"minecraft:fletching_table":2,"minecraft:diamond_helmet":1,"minecraft:oak_planks":4,"minecraft:soul_sand":29,"minecraft:warped_fungus":1,"minecraft:sweet_berries":81,"minecraft:quartz":40,"minecraft:warped_wart_block":1,"minecraft:poisonous_potato":5,"minecraft:gravel":116,"minecraft:lava_bucket":1,"minecraft:spruce_sapling":22,"minecraft:nether_brick_stairs":1,"minecraft:blast_furnace":2,"minecraft:spruce_log":245,"minecraft:white_bed":7,"minecraft:grass_block":3,"minecraft:gold_ore":58,"minecraft:crying_obsidian":5,"minecraft:spectral_arrow":10,"minecraft:spider_eye":1,"minecraft:purple_bed":3,"minecraft:diamond":303,"minecraft:hopper":1,"minecraft:granite":152,"minecraft:warped_roots":4,"minecraft:emerald":42,"minecraft:bread":85,"minecraft:oak_sapling":1,"minecraft:netherrack":786,"minecraft:warped_nylium":3,"minecraft:coal":101,"minecraft:crimson_roots":8,"minecraft:diamond_pickaxe":2,"minecraft:ender_pearl":4},"minecraft:broken":{"minecraft:wooden_shovel":1,"minecraft:iron_pickaxe":4},"minecraft:killed":{"minecraft:zombified_piglin":2,"minecraft:spider":3,"minecraft:skeleton":13,"minecraft:silverfish":7,"minecraft:magma_cube":3,"minecraft:wolf":1,"minecraft:piglin":1,"minecraft:pig":1,"minecraft:zombie_villager":1,"minecraft:iron_golem":3,"minecraft:creeper":3,"minecraft:hoglin":5,"minecraft:sheep":3,"minecraft:zombie":40,"minecraft:wither_skeleton":2,"minecraft:villager":7,"minecraft:blaze":14,"minecraft:enderman":11,"minecraft:cow":6},"minecraft:dropped":{"minecraft:nether_brick_stairs":1,"minecraft:enchanted_book":9,"minecraft:gold_ore":34,"minecraft:iron_ingot":8,"minecraft:bread":57,"minecraft:wheat_seeds":2,"minecraft:lapis_lazuli":97,"minecraft:oak_log":4,"minecraft:baked_potato":2,"minecraft:ender_pearl":1,"minecraft:diamond":272,"minecraft:golden_horse_armor":1,"minecraft:bookshelf":1,"minecraft:poisonous_potato":5,"minecraft:cobblestone":599,"minecraft:book":1,"minecraft:granite":3,"minecraft:command_block":2,"minecraft:saddle":2,"minecraft:grass_block":3,"minecraft:coal":4,"minecraft:flint":3,"minecraft:emerald":5,"minecraft:iron_block":3,"minecraft:dirt":52,"minecraft:diorite":18,"minecraft:map":2,"minecraft:potion":1,"minecraft:wooden_sword":1,"minecraft:iron_axe":2,"minecraft:string":7,"minecraft:bucket":2,"minecraft:blue_bed":2,"minecraft:spruce_sapling":10,"minecraft:bone":17,"minecraft:gold_ingot":10,"minecraft:gravel":6,"minecraft:blackstone":2,"minecraft:sweet_berries":1,"minecraft:golden_chestplate":1,"minecraft:blaze_rod":4,"minecraft:obsidian":4,"minecraft:rotten_flesh":29,"minecraft:name_tag":1,"minecraft:nether_bricks":2,"minecraft:flint_and_steel":1,"minecraft:purple_bed":1,"minecraft:diamond_pickaxe":2,"minecraft:andesite":23,"minecraft:leather_boots":1,"minecraft:wooden_shovel":1,"minecraft:spruce_slab":6,"minecraft:iron_ore":64,"minecraft:arrow":7,"minecraft:bow":1,"minecraft:stone_pickaxe":1,"minecraft:magma_block":84,"minecraft:netherrack":769},"minecraft:crafted":{"minecraft:wooden_sword":2,"minecraft:oak_planks":44,"minecraft:cobblestone_slab":18,"minecraft:leather_boots":1,"minecraft:furnace":3,"minecraft:iron_boots":1,"minecraft:spruce_slab":6,"minecraft:stone_pickaxe":1,"minecraft:chest":7,"minecraft:golden_boots":1,"minecraft:crimson_planks":20,"minecraft:wooden_shovel":1,"minecraft:diamond_sword":1,"minecraft:emerald":69,"minecraft:crafting_table":6,"minecraft:spruce_planks":948,"minecraft:iron_helmet":1,"minecraft:baked_potato":9,"minecraft:wooden_pickaxe":1,"minecraft:fletching_table":1,"minecraft:enchanted_book":3,"minecraft:air":0,"minecraft:bread":204,"minecraft:oak_boat":1,"minecraft:book":4,"minecraft:paper":12,"minecraft:diamond_pickaxe":1,"minecraft:shield":1,"minecraft:stick":1920,"minecraft:iron_ingot":202,"minecraft:iron_pickaxe":5,"minecraft:iron_block":3,"minecraft:iron_leggings":2,"minecraft:gold_ingot":22,"minecraft:white_bed":1,"minecraft:lapis_lazuli":27},"minecraft:mined":{"minecraft:nether_gold_ore":15,"minecraft:diamond_ore":164,"minecraft:crying_obsidian":1,"minecraft:white_bed":5,"minecraft:obsidian":3,"minecraft:nether_bricks":11,"minecraft:granite":110,"minecraft:grass_block":44,"minecraft:crimson_roots":7,"minecraft:spruce_leaves":61,"minecraft:nether_wart":20,"minecraft:crimson_stem":5,"minecraft:large_fern":5,"minecraft:redstone_ore":7,"minecraft:iron_ore":268,"minecraft:fire":1,"minecraft:andesite":79,"minecraft:fletching_table":1,"minecraft:nether_brick_stairs":1,"minecraft:enchanting_table":1,"minecraft:potatoes":42,"minecraft:cobblestone_slab":6,"minecraft:stone":1644,"minecraft:soul_sand":20,"minecraft:blackstone":12,"minecraft:crimson_nylium":2,"minecraft:crafting_table":2,"minecraft:blast_furnace":1,"minecraft:emerald_ore":2,"minecraft:chest":4,"minecraft:lectern":78,"minecraft:stone_slab":1,"minecraft:nether_quartz_ore":19,"minecraft:glass":7,"minecraft:cobblestone":127,"minecraft:lapis_ore":5,"minecraft:sugar_cane":15,"minecraft:blue_bed":3,"minecraft:wall_torch":1,"minecraft:diorite":82,"minecraft:warped_wart_block":1,"minecraft:purple_bed":4,"minecraft:cobblestone_wall":3,"minecraft:sweet_berry_bush":38,"minecraft:spruce_log":239,"minecraft:warped_fungus":1,"minecraft:grass":3,"minecraft:coal_ore":57,"minecraft:oak_log":11,"minecraft:gravel":55,"minecraft:dirt":106,"minecraft:ancient_debris":10,"minecraft:gold_ore":58,"minecraft:netherrack":924,"minecraft:oak_leaves":2,"minecraft:fern":9,"minecraft:infested_stone":12},"minecraft:killed_by":{"minecraft:zombified_piglin":2,"minecraft:blaze":1,"minecraft:zombie":2}},"DataVersion":2586}