{"stats":{"minecraft:killed":{"minecraft:zombified_piglin":2,"minecraft:skeleton":2,"minecraft:wolf":1,"minecraft:piglin":1,"minecraft:pig":1,"minecraft:iron_golem":1,"minecraft:hoglin":5,"minecraft:sheep":3,"minecraft:zombie":6,"minecraft:enderman":6,"minecraft:cow":6},"minecraft:custom":{"minecraft:mob_kills":34,"minecraft:interact_with_crafting_table":36,"minecraft:leave_game":4,"minecraft:time_since_death":9398,"minecraft:climb_one_cm":2041,"minecraft:sprint_one_cm":369593,"minecraft:walk_one_cm":422226,"minecraft:damage_blocked_by_shield":720,"minecraft:drop":33,"minecraft:talked_to_villager":4,"minecraft:deaths":5,"minecraft:sneak_time":1733,"minecraft:walk_under_water_one_cm":786,"minecraft:boat_one_cm":396869,"minecraft:jump":3178,"minecraft:interact_with_blast_furnace":14,"minecraft:walk_on_water_one_cm":12084,"minecraft:interact_with_furnace":20,"minecraft:traded_with_villager":20,"minecraft:play_one_minute":165475,"minecraft:sleep_in_bed":6,"minecraft:time_since_rest":9439,"minecraft:damage_taken":3822,"minecraft:damage_dealt":10271,"minecraft:swim_one_cm":759,"minecraft:fly_one_cm":349954,"minecraft:open_chest":30,"minecraft:crouch_one_cm":5469,"minecraft:fall_one_cm":64482},"minecraft:used":{"minecraft:poppy":2,"minecraft:chest":6,"minecraft:shield":23,"minecraft:wooden_shovel":51,"minecraft:rotten_flesh":3,"minecraft:netherrack":64,"minecraft:dirt":35,"minecraft:warped_wart_block":1,"minecraft:mutton":6,"minecraft:granite":15,"minecraft:warped_nylium":2,"minecraft:beef":12,"minecraft:warped_fungus":1,"minecraft:sweet_berries":76,"minecraft:furnace":4,"minecraft:oak_sapling":1,"minecraft:egg":1,"minecraft:stone_pickaxe":128,"minecraft:baked_potato":6,"minecraft:blackstone":8,"minecraft:ender_pearl":1,"minecraft:wooden_pickaxe":7,"minecraft:warped_roots":1,"minecraft:crafting_table":7,"minecraft:blast_furnace":2,"minecraft:white_bed":7,"minecraft:diamond_pickaxe":23,"minecraft:bread":33,"minecraft:iron_pickaxe":1000,"minecraft:diamond_sword":113,"minecraft:wooden_sword":96,"minecraft:cobblestone":33,"minecraft:porkchop":3,"minecraft:oak_boat":3},"minecraft:crafted":{"minecraft:wooden_sword":2,"minecraft:oak_planks":44,"minecraft:leather_boots":1,"minecraft:furnace":3,"minecraft:iron_boots":1,"minecraft:stone_pickaxe":1,"minecraft:chest":5,"minecraft:golden_boots":1,"minecraft:crimson_planks":20,"minecraft:wooden_shovel":1,"minecraft:diamond_sword":1,"minecraft:crafting_table":5,"minecraft:spruce_planks":52,"minecraft:wooden_pickaxe":1,"minecraft:baked_potato":9,"minecraft:iron_helmet":1,"minecraft:bread":120,"minecraft:air":0,"minecraft:oak_boat":1,"minecraft:diamond_pickaxe":1,"minecraft:shield":1,"minecraft:stick":24,"minecraft:iron_ingot":170,"minecraft:iron_pickaxe":5,"minecraft:gold_ingot":22,"minecraft:iron_leggings":2,"minecraft:white_bed":1},"minecraft:mined":{"minecraft:nether_gold_ore":15,"minecraft:diamond_ore":36,"minecraft:white_bed":5,"minecraft:granite":43,"minecraft:grass_block":17,"minecraft:crimson_roots":7,"minecraft:spruce_leaves":15,"minecraft:crimson_stem":5,"minecraft:large_fern":2,"minecraft:redstone_ore":1,"minecraft:iron_ore":209,"minecraft:andesite":24,"minecraft:stone":608,"minecraft:blackstone":3,"minecraft:crimson_nylium":2,"minecraft:crafting_table":2,"minecraft:blast_furnace":1,"minecraft:chest":1,"minecraft:cobblestone":16,"minecraft:lapis_ore":5,"minecraft:diorite":41,"minecraft:warped_wart_block":1,"minecraft:sweet_berry_bush":36,"minecraft:spruce_log":13,"minecraft:warped_fungus":1,"minecraft:grass":3,"minecraft:oak_log":11,"minecraft:coal_ore":48,"minecraft:gravel":42,"minecraft:dirt":29,"minecraft:netherrack":68,"minecraft:gold_ore":24,"minecraft:oak_leaves":2,"minecraft:fern":5},"minecraft:killed_by":{"minecraft:zombified_piglin":2,"minecraft:zombie":2},"minecraft:picked_up":{"minecraft:crafting_table":2,"minecraft:iron_chestplate":1,"minecraft:splash_potion":1,"minecraft:wooden_pickaxe":2,"minecraft:nether_brick":15,"minecraft:golden_sword":1,"minecraft:string":12,"minecraft:wooden_sword":2,"minecraft:blackstone":19,"minecraft:gold_nugget":58,"minecraft:spruce_planks":16,"minecraft:beef":12,"minecraft:oak_boat":4,"minecraft:iron_nugget":35,"minecraft:wooden_shovel":1,"minecraft:poppy":2,"minecraft:chest":1,"minecraft:egg":1,"minecraft:furnace":1,"minecraft:stick":4,"minecraft:torch":2,"minecraft:fire_charge":1,"minecraft:porkchop":17,"minecraft:diorite":75,"minecraft:redstone":8,"minecraft:arrow":2,"minecraft:rotten_flesh":19,"minecraft:gold_ingot":5,"minecraft:obsidian":2,"minecraft:mutton":6,"minecraft:white_wool":3,"minecraft:cobblestone":922,"minecraft:crimson_stem":5,"minecraft:andesite":46,"minecraft:leather":10,"minecraft:flint":14,"minecraft:oak_log":15,"minecraft:lapis_lazuli":34,"minecraft:dirt":72,"minecraft:leather_boots":1,"minecraft:bone":8,"minecraft:iron_ingot":161,"minecraft:iron_ore":221,"minecraft:soul_sand":10,"minecraft:warped_fungus":1,"minecraft:sweet_berries":81,"minecraft:warped_wart_block":1,"minecraft:gravel":77,"minecraft:blast_furnace":2,"minecraft:white_bed":7,"minecraft:spruce_log":13,"minecraft:gold_ore":24,"minecraft:crying_obsidian":4,"minecraft:spectral_arrow":10,"minecraft:diamond":70,"minecraft:granite":67,"minecraft:emerald":20,"minecraft:bread":64,"minecraft:warped_roots":1,"minecraft:oak_sapling":1,"minecraft:warped_nylium":3,"minecraft:netherrack":71,"minecraft:coal":93,"minecraft:crimson_roots":4,"minecraft:ender_pearl":3},"minecraft:dropped":{"minecraft:bread":56,"minecraft:oak_log":4,"minecraft:ender_pearl":1,"minecraft:diamond":40,"minecraft:wooden_sword":1,"minecraft:string":6,"minecraft:gold_ingot":10,"minecraft:bone":2,"minecraft:sweet_berries":1,"minecraft:leather_boots":1,"minecraft:wooden_shovel":1,"minecraft:arrow":1,"minecraft:stone_pickaxe":1,"minecraft:netherrack":1},"minecraft:broken":{"minecraft:iron_pickaxe":4}},"DataVersion":2586}