{"stats":{"minecraft:broken":{"minecraft:iron_pickaxe":2},"minecraft:dropped":{"minecraft:sweet_berries":1,"minecraft:oak_log":4,"minecraft:diamond":34,"minecraft:ender_pearl":1,"minecraft:wooden_sword":1,"minecraft:stone_pickaxe":1},"minecraft:picked_up":{"minecraft:crafting_table":2,"minecraft:iron_chestplate":1,"minecraft:andesite":19,"minecraft:leather":4,"minecraft:wooden_pickaxe":1,"minecraft:oak_log":15,"minecraft:dirt":31,"minecraft:wooden_sword":2,"minecraft:bone":2,"minecraft:iron_ingot":5,"minecraft:beef":12,"minecraft:oak_boat":3,"minecraft:iron_ore":120,"minecraft:poppy":2,"minecraft:egg":1,"minecraft:stick":2,"minecraft:sweet_berries":81,"minecraft:gravel":16,"minecraft:porkchop":3,"minecraft:blast_furnace":1,"minecraft:diorite":22,"minecraft:white_bed":6,"minecraft:redstone":4,"minecraft:rotten_flesh":3,"minecraft:diamond":34,"minecraft:granite":38,"minecraft:oak_sapling":1,"minecraft:mutton":6,"minecraft:coal":47,"minecraft:white_wool":3,"minecraft:cobblestone":396,"minecraft:ender_pearl":2},"minecraft:killed_by":{"minecraft:zombie":2},"minecraft:used":{"minecraft:stone_pickaxe":128,"minecraft:ender_pearl":1,"minecraft:wooden_pickaxe":7,"minecraft:wooden_shovel":29,"minecraft:rotten_flesh":3,"minecraft:dirt":31,"minecraft:mutton":6,"minecraft:crafting_table":5,"minecraft:blast_furnace":1,"minecraft:white_bed":6,"minecraft:granite":12,"minecraft:iron_pickaxe":552,"minecraft:wooden_sword":93,"minecraft:cobblestone":2,"minecraft:beef":12,"minecraft:sweet_berries":69,"minecraft:furnace":1,"minecraft:oak_sapling":1,"minecraft:porkchop":3,"minecraft:oak_boat":3,"minecraft:egg":1},"minecraft:custom":{"minecraft:interact_with_furnace":6,"minecraft:mob_kills":17,"minecraft:interact_with_crafting_table":17,"minecraft:play_one_minute":89146,"minecraft:leave_game":2,"minecraft:time_since_death":83814,"minecraft:sleep_in_bed":5,"minecraft:time_since_rest":3794,"minecraft:sprint_one_cm":244152,"minecraft:damage_taken":1233,"minecraft:walk_one_cm":192048,"minecraft:drop":11,"minecraft:damage_dealt":3608,"minecraft:swim_one_cm":759,"minecraft:fly_one_cm":243999,"minecraft:crouch_one_cm":1367,"minecraft:deaths":2,"minecraft:sneak_time":745,"minecraft:walk_under_water_one_cm":786,"minecraft:boat_one_cm":396869,"minecraft:jump":1793,"minecraft:interact_with_blast_furnace":2,"minecraft:walk_on_water_one_cm":12084,"minecraft:fall_one_cm":37064},"minecraft:mined":{"minecraft:diamond_ore":34,"minecraft:white_bed":5,"minecraft:crafting_table":2,"minecraft:granite":38,"minecraft:blast_furnace":1,"minecraft:grass_block":16,"minecraft:spruce_leaves":11,"minecraft:diorite":22,"minecraft:large_fern":2,"minecraft:redstone_ore":1,"minecraft:iron_ore":120,"minecraft:sweet_berry_bush":36,"minecraft:andesite":20,"minecraft:grass":3,"minecraft:oak_log":11,"minecraft:coal_ore":48,"minecraft:gravel":17,"minecraft:dirt":26,"minecraft:stone":396,"minecraft:oak_leaves":2,"minecraft:fern":5},"minecraft:killed":{"minecraft:wolf":1,"minecraft:pig":1,"minecraft:iron_golem":1,"minecraft:sheep":3,"minecraft:skeleton":1,"minecraft:zombie":3,"minecraft:cow":6,"minecraft:enderman":1},"minecraft:crafted":{"minecraft:wooden_sword":2,"minecraft:oak_planks":44,"minecraft:wooden_shovel":1,"minecraft:leather_boots":1,"minecraft:crafting_table":3,"minecraft:wooden_pickaxe":1,"minecraft:furnace":1,"minecraft:air":0,"minecraft:oak_boat":1,"minecraft:stick":20,"minecraft:iron_ingot":34,"minecraft:iron_pickaxe":5,"minecraft:stone_pickaxe":1,"minecraft:white_bed":1}},"DataVersion":2586}