{"stats":{"minecraft:broken":{"minecraft:iron_pickaxe":3},"minecraft:picked_up":{"minecraft:crafting_table":2,"minecraft:iron_chestplate":1,"minecraft:andesite":46,"minecraft:leather":4,"minecraft:wooden_pickaxe":2,"minecraft:flint":14,"minecraft:oak_log":15,"minecraft:string":6,"minecraft:dirt":69,"minecraft:wooden_sword":2,"minecraft:leather_boots":1,"minecraft:bone":6,"minecraft:spruce_planks":16,"minecraft:iron_ingot":158,"minecraft:beef":12,"minecraft:oak_boat":4,"minecraft:iron_ore":213,"minecraft:wooden_shovel":1,"minecraft:poppy":2,"minecraft:chest":1,"minecraft:furnace":1,"minecraft:egg":1,"minecraft:stick":4,"minecraft:sweet_berries":81,"minecraft:torch":2,"minecraft:gravel":68,"minecraft:porkchop":3,"minecraft:blast_furnace":2,"minecraft:diorite":68,"minecraft:white_bed":7,"minecraft:spruce_log":13,"minecraft:gold_ore":16,"minecraft:redstone":8,"minecraft:arrow":1,"minecraft:rotten_flesh":12,"minecraft:diamond":65,"minecraft:granite":64,"minecraft:bread":64,"minecraft:emerald":20,"minecraft:netherrack":9,"minecraft:oak_sapling":1,"minecraft:mutton":6,"minecraft:coal":93,"minecraft:white_wool":3,"minecraft:cobblestone":884,"minecraft:ender_pearl":2},"minecraft:dropped":{"minecraft:bread":56,"minecraft:sweet_berries":1,"minecraft:oak_log":4,"minecraft:ender_pearl":1,"minecraft:diamond":34,"minecraft:leather_boots":1,"minecraft:wooden_shovel":1,"minecraft:wooden_sword":1,"minecraft:arrow":1,"minecraft:stone_pickaxe":1,"minecraft:string":6,"minecraft:bone":2,"minecraft:netherrack":1},"minecraft:killed_by":{"minecraft:zombie":2},"minecraft:used":{"minecraft:stone_pickaxe":128,"minecraft:baked_potato":6,"minecraft:poppy":2,"minecraft:ender_pearl":1,"minecraft:chest":6,"minecraft:wooden_pickaxe":7,"minecraft:wooden_shovel":51,"minecraft:rotten_flesh":3,"minecraft:netherrack":8,"minecraft:dirt":35,"minecraft:mutton":6,"minecraft:crafting_table":5,"minecraft:blast_furnace":2,"minecraft:white_bed":7,"minecraft:granite":12,"minecraft:bread":6,"minecraft:iron_pickaxe":865,"minecraft:wooden_sword":96,"minecraft:cobblestone":12,"minecraft:beef":12,"minecraft:sweet_berries":73,"minecraft:furnace":3,"minecraft:oak_sapling":1,"minecraft:porkchop":3,"minecraft:oak_boat":3,"minecraft:egg":1},"minecraft:custom":{"minecraft:interact_with_furnace":16,"minecraft:mob_kills":17,"minecraft:traded_with_villager":20,"minecraft:interact_with_crafting_table":30,"minecraft:play_one_minute":122904,"minecraft:leave_game":3,"minecraft:time_since_death":117572,"minecraft:sleep_in_bed":6,"minecraft:time_since_rest":6670,"minecraft:sprint_one_cm":276011,"minecraft:damage_taken":1800,"minecraft:walk_one_cm":277019,"minecraft:drop":23,"minecraft:damage_dealt":3686,"minecraft:talked_to_villager":4,"minecraft:swim_one_cm":759,"minecraft:fly_one_cm":264111,"minecraft:open_chest":22,"minecraft:crouch_one_cm":2778,"minecraft:deaths":2,"minecraft:sneak_time":1124,"minecraft:walk_under_water_one_cm":786,"minecraft:boat_one_cm":396869,"minecraft:jump":2226,"minecraft:interact_with_blast_furnace":12,"minecraft:walk_on_water_one_cm":12084,"minecraft:fall_one_cm":42308},"minecraft:mined":{"minecraft:diamond_ore":34,"minecraft:white_bed":5,"minecraft:crafting_table":2,"minecraft:granite":38,"minecraft:blast_furnace":1,"minecraft:grass_block":17,"minecraft:chest":1,"minecraft:spruce_leaves":15,"minecraft:diorite":34,"minecraft:large_fern":2,"minecraft:redstone_ore":1,"minecraft:iron_ore":201,"minecraft:sweet_berry_bush":36,"minecraft:spruce_log":13,"minecraft:andesite":24,"minecraft:grass":3,"minecraft:oak_log":11,"minecraft:coal_ore":48,"minecraft:dirt":26,"minecraft:gravel":42,"minecraft:stone":585,"minecraft:netherrack":7,"minecraft:gold_ore":16,"minecraft:oak_leaves":2,"minecraft:fern":5},"minecraft:killed":{"minecraft:wolf":1,"minecraft:pig":1,"minecraft:iron_golem":1,"minecraft:sheep":3,"minecraft:skeleton":1,"minecraft:zombie":3,"minecraft:cow":6,"minecraft:enderman":1},"minecraft:crafted":{"minecraft:wooden_sword":2,"minecraft:oak_planks":44,"minecraft:wooden_shovel":1,"minecraft:diamond_sword":1,"minecraft:leather_boots":1,"minecraft:crafting_table":3,"minecraft:spruce_planks":52,"minecraft:iron_helmet":1,"minecraft:wooden_pickaxe":1,"minecraft:baked_potato":9,"minecraft:furnace":2,"minecraft:bread":120,"minecraft:air":0,"minecraft:oak_boat":1,"minecraft:iron_boots":1,"minecraft:diamond_pickaxe":1,"minecraft:stick":24,"minecraft:iron_ingot":154,"minecraft:iron_pickaxe":5,"minecraft:stone_pickaxe":1,"minecraft:chest":5,"minecraft:iron_leggings":2,"minecraft:gold_ingot":16,"minecraft:white_bed":1,"minecraft:golden_boots":1}},"DataVersion":2586}