{"stats":{"minecraft:crafted":{"minecraft:oak_planks":80,"minecraft:furnace":1,"minecraft:cooked_mutton":2,"minecraft:flint_and_steel":1,"minecraft:iron_axe":3,"minecraft:iron_hoe":1,"minecraft:spruce_slab":6,"minecraft:stone_pickaxe":1,"minecraft:chest":37,"minecraft:spruce_boat":1,"minecraft:golden_boots":1,"minecraft:cooked_beef":7,"minecraft:wooden_shovel":1,"minecraft:emerald":22,"minecraft:cauldron":1,"minecraft:crafting_table":5,"minecraft:spruce_planks":701,"minecraft:wooden_pickaxe":1,"minecraft:iron_sword":1,"minecraft:spruce_door":3,"minecraft:fletching_table":1,"minecraft:bucket":8,"minecraft:stone_axe":1,"minecraft:air":0,"minecraft:bread":60,"minecraft:oak_boat":2,"minecraft:spruce_trapdoor":14,"minecraft:stick":704,"minecraft:iron_ingot":86,"minecraft:iron_pickaxe":1,"minecraft:wooden_axe":1,"minecraft:iron_shovel":1,"minecraft:gold_ingot":6,"minecraft:white_bed":2},"minecraft:killed_by":{"minecraft:iron_golem":1,"minecraft:skeleton":2,"minecraft:zombie":1},"minecraft:used":{"minecraft:iron_shovel":152,"minecraft:flint_and_steel":31,"minecraft:spruce_slab":4,"minecraft:chest":4,"minecraft:shield":33,"minecraft:iron_sword":30,"minecraft:wooden_shovel":52,"minecraft:rotten_flesh":10,"minecraft:netherrack":314,"minecraft:torch":4,"minecraft:dirt":162,"minecraft:mutton":3,"minecraft:obsidian":33,"minecraft:spruce_boat":5,"minecraft:iron_hoe":1,"minecraft:wooden_axe":36,"minecraft:lava_bucket":3,"minecraft:iron_axe":409,"minecraft:basalt":90,"minecraft:beef":6,"minecraft:sweet_berries":14,"minecraft:oak_sapling":1,"minecraft:furnace":1,"minecraft:cooked_beef":1,"minecraft:potato":19,"minecraft:wheat_seeds":1,"minecraft:cooked_mutton":1,"minecraft:water_bucket":6,"minecraft:spruce_door":4,"minecraft:oak_planks":9,"minecraft:stone_pickaxe":33,"minecraft:blackstone":18,"minecraft:wooden_pickaxe":3,"minecraft:cauldron":2,"minecraft:blue_bed":4,"minecraft:fletching_table":3,"minecraft:white_wool":1,"minecraft:crafting_table":6,"minecraft:white_bed":2,"minecraft:diamond_pickaxe":1023,"minecraft:bread":44,"minecraft:iron_pickaxe":13,"minecraft:spruce_trapdoor":14,"minecraft:gravel":72,"minecraft:spruce_sapling":1,"minecraft:stone_axe":8,"minecraft:wooden_sword":23,"minecraft:cobblestone":11,"minecraft:purple_bed":7,"minecraft:porkchop":3,"minecraft:grindstone":1,"minecraft:bucket":16,"minecraft:oak_boat":2},"minecraft:picked_up":{"minecraft:wooden_axe":1,"minecraft:crafting_table":1,"minecraft:iron_chestplate":1,"minecraft:wheat":7,"minecraft:wooden_sword":1,"minecraft:blackstone":34,"minecraft:cartography_table":1,"minecraft:gold_nugget":57,"minecraft:spruce_planks":3,"minecraft:beef":13,"minecraft:iron_nugget":4,"minecraft:poppy":1,"minecraft:spruce_trapdoor":6,"minecraft:stick":35,"minecraft:torch":4,"minecraft:porkchop":3,"minecraft:diorite":16,"minecraft:redstone":74,"minecraft:cauldron":2,"minecraft:arrow":5,"minecraft:rotten_flesh":11,"minecraft:obsidian":25,"minecraft:mutton":10,"minecraft:bone_block":34,"minecraft:white_wool":8,"minecraft:cobblestone":106,"minecraft:magma_block":11,"minecraft:basalt":116,"minecraft:leather":3,"minecraft:smoker":1,"minecraft:potato":18,"minecraft:flint":4,"minecraft:oak_log":20,"minecraft:cobblestone_wall":2,"minecraft:dirt":253,"minecraft:blue_bed":4,"minecraft:bone":6,"minecraft:stonecutter":1,"minecraft:wheat_seeds":24,"minecraft:bell":1,"minecraft:grindstone":3,"minecraft:iron_ingot":16,"minecraft:stone_pickaxe":1,"minecraft:iron_ore":5,"minecraft:fletching_table":2,"minecraft:glowstone_dust":5,"minecraft:oak_planks":27,"minecraft:soul_sand":9,"minecraft:sweet_berries":13,"minecraft:quartz":29,"minecraft:gravel":73,"minecraft:spruce_sapling":45,"minecraft:spruce_log":291,"minecraft:spruce_door":2,"minecraft:mossy_cobblestone":2,"minecraft:purple_bed":7,"minecraft:diamond":34,"minecraft:spruce_boat":5,"minecraft:granite":2,"minecraft:bread":1,"minecraft:oak_sapling":1,"minecraft:netherrack":458,"minecraft:coal":36,"minecraft:crimson_roots":4},"minecraft:broken":{"minecraft:stone_pickaxe":1,"minecraft:iron_axe":1,"minecraft:wooden_sword":1,"minecraft:wooden_axe":1},"minecraft:mined":{"minecraft:nether_gold_ore":32,"minecraft:mossy_cobblestone":2,"minecraft:obsidian":25,"minecraft:spruce_trapdoor":2,"minecraft:granite":3,"minecraft:grass_block":17,"minecraft:crimson_roots":2,"minecraft:spruce_leaves":106,"minecraft:cartography_table":1,"minecraft:large_fern":2,"minecraft:magma_block":50,"minecraft:redstone_ore":9,"minecraft:glowstone":2,"minecraft:iron_ore":5,"minecraft:fire":20,"minecraft:fletching_table":2,"minecraft:bell":1,"minecraft:potatoes":6,"minecraft:stone":176,"minecraft:bone_block":34,"minecraft:white_wool":1,"minecraft:blackstone":18,"minecraft:soul_sand":9,"minecraft:smoker":1,"minecraft:crimson_nylium":11,"minecraft:soul_fire":5,"minecraft:basalt":116,"minecraft:spruce_door":2,"minecraft:crafting_table":1,"minecraft:torch":2,"minecraft:nether_quartz_ore":30,"minecraft:cobblestone":1,"minecraft:grindstone":3,"minecraft:oak_planks":9,"minecraft:diorite":38,"minecraft:blue_bed":4,"minecraft:cauldron":1,"minecraft:purple_bed":7,"minecraft:cobblestone_wall":1,"minecraft:wheat":7,"minecraft:sweet_berry_bush":12,"minecraft:spruce_log":301,"minecraft:grass_path":7,"minecraft:grass":5,"minecraft:oak_log":20,"minecraft:coal_ore":38,"minecraft:gravel":77,"minecraft:dirt":217,"minecraft:stonecutter":1,"minecraft:netherrack":458,"minecraft:oak_leaves":6,"minecraft:fern":4},"minecraft:killed":{"minecraft:skeleton":9,"minecraft:piglin":4,"minecraft:pig":2,"minecraft:iron_golem":3,"minecraft:sheep":5,"minecraft:zombie":5,"minecraft:cow":7},"minecraft:custom":{"minecraft:mob_kills":36,"minecraft:interact_with_crafting_table":50,"minecraft:leave_game":32,"minecraft:time_since_death":16342,"minecraft:climb_one_cm":1185,"minecraft:sprint_one_cm":403579,"minecraft:walk_one_cm":1203879,"minecraft:damage_blocked_by_shield":1330,"minecraft:drop":21,"minecraft:talked_to_villager":34,"minecraft:deaths":11,"minecraft:sneak_time":7854,"minecraft:walk_under_water_one_cm":6086,"minecraft:boat_one_cm":410318,"minecraft:jump":4448,"minecraft:interact_with_blast_furnace":4,"minecraft:walk_on_water_one_cm":22951,"minecraft:interact_with_furnace":11,"minecraft:traded_with_villager":32,"minecraft:interact_with_cartography_table":1,"minecraft:play_one_minute":287248,"minecraft:sleep_in_bed":12,"minecraft:time_since_rest":14199,"minecraft:damage_taken":5280,"minecraft:damage_dealt":8057,"minecraft:swim_one_cm":12158,"minecraft:fly_one_cm":340658,"minecraft:open_chest":31,"minecraft:crouch_one_cm":35730,"minecraft:fall_one_cm":87237},"minecraft:dropped":{"minecraft:bread":1,"minecraft:iron_ingot":1,"minecraft:diamond":31,"minecraft:spruce_door":1,"minecraft:emerald":20,"minecraft:mutton":5,"minecraft:cauldron":1,"minecraft:gravel":1,"minecraft:sweet_berries":1,"minecraft:cobblestone_wall":1,"minecraft:grindstone":3,"minecraft:poppy":1,"minecraft:spruce_trapdoor":4,"minecraft:iron_chestplate":2,"minecraft:arrow":2}},"DataVersion":2586}