{"stats":{"minecraft:dropped":{"minecraft:wheat_seeds":1,"minecraft:dirt":1,"regions_unexplored:red_lupine":1,"minecraft:wooden_axe":1,"minecraft:stone_pickaxe":1,"minecraft:wooden_pickaxe":1,"regions_unexplored:blue_lupine":1},"minecraft:used":{"minecraft:stone_sword":84,"minecraft:stone_pickaxe":106,"minecraft:wooden_pickaxe":10,"minecraft:chest":1,"minecraft:shield":33,"minecraft:rotten_flesh":3,"minecraft:torch":8,"minecraft:dirt":1,"minecraft:crafting_table":4,"minecraft:apple":1,"minecraft:iron_pickaxe":14,"regions_unexplored:maple_sapling":5,"minecraft:spruce_sapling":4,"minecraft:stone_axe":32,"minecraft:cobblestone":15,"minecraft:sweet_berries":15,"minecraft:porkchop":2},"minecraft:killed_by":{"minecraft:spider":1,"minecraft:zombie":1},"minecraft:mined":{"winterly:raw_cryomarble_shard":3,"regions_unexplored:blue_lupine":1,"regions_unexplored:red_lupine":2,"minecraft:grass_block":1,"minecraft:chest":1,"modern_industrialization:nickel_ore":3,"modern_industrialization:lignite_coal_ore":1,"minecraft:copper_ore":2,"minecraft:spruce_leaves":1,"techreborn:tin_ore":3,"supplementaries:urn":1,"modern_industrialization:tungsten_ore":2,"minecraft:iron_ore":56,"minecraft:sweet_berry_bush":7,"treechop:chopped_log":4,"minecraft:anvil":1,"minecraft:grass":1,"minecraft:coal_ore":18,"minecraft:deepslate_iron_ore":2,"minecraft:gravel":1,"minecraft:stone":31,"soulsweapons:verglas_ore":1},"minecraft:killed":{"minecraft:spider":3,"naturalist:boar":1,"minecraft:skeleton":3,"minecraft:zombie":8,"artifacts:mimic":1},"minecraft:picked_up":{"minecraft:wooden_axe":2,"techreborn:raw_tin":3,"modern_industrialization:lignite_coal":1,"minecraft:anvil":1,"minecraft:wooden_pickaxe":1,"minecraft:flint":1,"regions_unexplored:red_lupine":2,"artifacts:cloud_in_a_bottle":1,"minecraft:string":2,"minecraft:dirt":3,"minecraft:raw_copper":5,"minecraft:apple":1,"minecraft:wheat_seeds":1,"twigs:twig":7,"minecraft:chest":1,"minecraft:stick":6,"minecraft:raw_iron":58,"minecraft:sweet_berries":15,"regions_unexplored:blue_lupine":1,"minecraft:porkchop":2,"minecraft:spruce_sapling":4,"minecraft:spruce_log":18,"winterly:cryomarble_shard":3,"minecraft:spider_eye":1,"minecraft:rotten_flesh":5,"modern_industrialization:raw_nickel":3,"regions_unexplored:maple_sapling":5,"immersive_armors:robe_leggings":1,"archon:thunder_strike_tome":1,"regions_unexplored:maple_log":18,"mcda:emerald_gear_helmet":1,"soulsweapons:verglas":1,"minecraft:coal":17,"minecraft:cobblestone":30},"minecraft:crafted":{"minecraft:crafting_table":4,"regions_unexplored:maple_planks":72,"minecraft:wooden_pickaxe":1,"minecraft:stone_axe":1,"minecraft:air":0,"ironchests:blank_chest_upgrade":1,"minecraft:stick":8,"minecraft:iron_ingot":5,"minecraft:iron_pickaxe":1,"minecraft:stone_pickaxe":1,"minecraft:chest":1,"minecraft:torch":16},"minecraft:custom":{"minecraft:interact_with_furnace":4,"lootr:looted_stat":10,"minecraft:mob_kills":17,"minecraft:interact_with_cartography_table":2,"minecraft:interact_with_crafting_table":14,"minecraft:damage_dealt_resisted":0,"minecraft:leave_game":2,"minecraft:time_since_death":14270,"minecraft:sleep_in_bed":5,"minecraft:hex":0,"minecraft:time_since_rest":14298,"minecraft:sprint_one_cm":147631,"minecraft:damage_taken":996,"minecraft:walk_one_cm":260340,"minecraft:damage_blocked_by_shield":865,"minecraft:drop":7,"minecraft:damage_dealt":3805,"minecraft:swim_one_cm":2684,"minecraft:talked_to_villager":5,"minecraft:fly_one_cm":219672,"minecraft:open_chest":1,"minecraft:crouch_one_cm":2660,"minecraft:play_time":87252,"minecraft:deaths":3,"minecraft:sneak_time":585,"minecraft:walk_under_water_one_cm":10791,"minecraft:jump":1177,"minecraft:walk_on_water_one_cm":4636,"minecraft:interact_with_smoker":2,"minecraft:total_world_time":87252,"minecraft:fall_one_cm":35851}},"DataVersion":3465}