{"stats":{"minecraft:broken":{"minecraft:iron_shovel":2,"minecraft:stone_pickaxe":1,"minecraft:diamond_pickaxe":1,"minecraft:wooden_sword":1,"minecraft:wooden_axe":1,"minecraft:golden_chestplate":1,"minecraft:iron_axe":3,"minecraft:iron_pickaxe":2},"minecraft:dropped":{"minecraft:iron_sword":1,"minecraft:diamond":95,"minecraft:leather":6,"minecraft:flint":1,"minecraft:cobblestone_stairs":2,"minecraft:emerald":27,"minecraft:dirt":279,"minecraft:dispenser":1,"minecraft:mutton":5,"minecraft:crimson_roots":4,"minecraft:gold_nugget":3,"minecraft:bone_meal":14,"minecraft:iron_pickaxe":3,"minecraft:white_wool":1,"minecraft:cauldron":1,"minecraft:gold_ingot":2,"minecraft:bone":12,"minecraft:gravel":2,"minecraft:blackstone":38,"minecraft:sugar_cane":9,"minecraft:wheat":6,"minecraft:obsidian":2,"minecraft:rotten_flesh":27,"minecraft:grindstone":3,"minecraft:fern":1,"minecraft:oak_planks":4,"minecraft:end_stone":1,"minecraft:white_bed":1,"minecraft:poppy":8,"minecraft:tipped_arrow":3,"minecraft:gunpowder":2,"minecraft:glowstone":2,"minecraft:hopper":1,"minecraft:stone_brick_wall":1,"minecraft:chest":1,"minecraft:spruce_slab":10,"minecraft:arrow":17,"minecraft:podzol":3,"minecraft:glass":15,"minecraft:warped_wart_block":1,"minecraft:cartography_table":1,"minecraft:netherrack":585,"minecraft:lectern":5,"minecraft:golden_boots":1,"minecraft:iron_ingot":70,"minecraft:bread":19,"minecraft:wheat_seeds":4,"minecraft:mossy_cobblestone":5,"minecraft:diamond_leggings":2,"minecraft:poisonous_potato":3,"minecraft:cobblestone":582,"minecraft:book":2,"minecraft:granite":13,"minecraft:spruce_door":1,"minecraft:coal":4,"minecraft:stick":115,"minecraft:end_rod":7,"minecraft:diorite":71,"minecraft:torch":70,"minecraft:map":2,"minecraft:diamond_helmet":1,"minecraft:iron_leggings":1,"minecraft:iron_axe":3,"minecraft:string":234,"minecraft:bucket":5,"minecraft:dandelion":1,"minecraft:spruce_sapling":32,"minecraft:redstone":8,"minecraft:zombie_spawn_egg":1,"minecraft:sweet_berries":1,"minecraft:cobblestone_wall":1,"minecraft:iron_boots":1,"minecraft:stone_slab":4,"minecraft:name_tag":1,"minecraft:oak_sign":10,"minecraft:netherite_leggings":1,"minecraft:potato":6,"minecraft:cobblestone_slab":1,"minecraft:spruce_boat":1,"minecraft:stone":1,"minecraft:diamond_chestplate":1,"minecraft:spruce_trapdoor":6,"minecraft:spruce_planks":29,"minecraft:diamond_pickaxe":3,"minecraft:iron_chestplate":2,"minecraft:andesite":42,"minecraft:stone_pressure_plate":4,"minecraft:spider_eye":1,"minecraft:spruce_log":2,"minecraft:bow":2},"minecraft:killed":{"minecraft:spider":8,"minecraft:skeleton":40,"minecraft:silverfish":3,"minecraft:piglin":4,"minecraft:pig":2,"minecraft:iron_golem":6,"minecraft:ender_dragon":1,"minecraft:creeper":6,"minecraft:sheep":9,"minecraft:zombie":57,"minecraft:cow":7,"minecraft:bat":1,"minecraft:villager":11,"minecraft:enderman":1},"minecraft:custom":{"minecraft:interact_with_crafting_table":219,"minecraft:open_shulker_box":28,"minecraft:bell_ring":4,"minecraft:leave_game":41,"minecraft:time_since_death":64416,"minecraft:sprint_one_cm":1893335,"minecraft:damage_blocked_by_shield":4150,"minecraft:drop":289,"minecraft:play_noteblock":1,"minecraft:talked_to_villager":196,"minecraft:deaths":47,"minecraft:jump":20252,"minecraft:walk_on_water_one_cm":141858,"minecraft:enchant_item":9,"minecraft:interact_with_furnace":107,"minecraft:traded_with_villager":353,"minecraft:interact_with_cartography_table":1,"minecraft:play_one_minute":1296799,"minecraft:sleep_in_bed":50,"minecraft:damage_dealt":27020,"minecraft:crouch_one_cm":136097,"minecraft:inspect_dispenser":9,"minecraft:inspect_dropper":2,"minecraft:interact_with_anvil":23,"minecraft:mob_kills":173,"minecraft:inspect_hopper":21,"minecraft:climb_one_cm":30732,"minecraft:walk_one_cm":4416904,"minecraft:sneak_time":34306,"minecraft:walk_under_water_one_cm":131961,"minecraft:boat_one_cm":425484,"minecraft:interact_with_blast_furnace":30,"minecraft:tune_noteblock":57,"minecraft:time_since_rest":2763,"minecraft:damage_taken":20446,"minecraft:minecart_one_cm":59890,"minecraft:swim_one_cm":20552,"minecraft:fly_one_cm":3498924,"minecraft:open_chest":322,"minecraft:fall_one_cm":423346},"minecraft:crafted":{"minecraft:oak_planks":112,"minecraft:cobblestone_slab":6,"minecraft:oak_sign":12,"minecraft:stone":28,"minecraft:cobblestone_stairs":4,"minecraft:lever":1,"minecraft:bookshelf":7,"minecraft:cooked_mutton":2,"minecraft:glass":280,"minecraft:hopper":17,"minecraft:bow":2,"minecraft:stone_pressure_plate":7,"minecraft:chest":96,"minecraft:rail":96,"minecraft:golden_boots":1,"minecraft:glass_bottle":12,"minecraft:wooden_shovel":1,"minecraft:emerald":254,"minecraft:arrow":192,"minecraft:cauldron":1,"minecraft:crafting_table":9,"minecraft:spruce_planks":5449,"minecraft:wooden_pickaxe":1,"minecraft:spruce_door":3,"minecraft:fletching_table":1,"minecraft:spruce_trapdoor":76,"minecraft:lectern":3,"minecraft:book":3,"minecraft:paper":9,"minecraft:diamond_pickaxe":4,"minecraft:shield":2,"minecraft:stick":8297,"minecraft:stone_slab":6,"minecraft:iron_ingot":289,"minecraft:iron_pickaxe":5,"minecraft:iron_block":8,"minecraft:gold_ingot":50,"minecraft:redstone_torch":53,"minecraft:shears":1,"minecraft:redstone":90,"minecraft:tripwire_hook":2,"minecraft:furnace":6,"minecraft:piston":16,"minecraft:bone_meal":27,"minecraft:flint_and_steel":2,"minecraft:detector_rail":30,"minecraft:iron_axe":14,"minecraft:spruce_wood":33,"minecraft:iron_hoe":3,"minecraft:spruce_slab":24,"minecraft:stone_pickaxe":1,"minecraft:cobblestone_wall":456,"minecraft:spruce_boat":4,"minecraft:redstone_block":35,"minecraft:minecart":5,"minecraft:observer":16,"minecraft:cooked_beef":7,"minecraft:crossbow":1,"minecraft:spruce_sign":3,"minecraft:powered_rail":42,"minecraft:activator_rail":24,"minecraft:iron_sword":5,"minecraft:bucket":12,"minecraft:stone_axe":1,"minecraft:enchanted_book":1,"minecraft:air":0,"minecraft:bread":366,"minecraft:oak_boat":2,"minecraft:white_wool":27,"minecraft:andesite_slab":6,"minecraft:wooden_axe":1,"minecraft:iron_shovel":4,"minecraft:anvil":3,"minecraft:white_bed":9,"minecraft:pumpkin_pie":24,"minecraft:note_block":1,"minecraft:torch":298},"minecraft:mined":{"minecraft:spruce_planks":90,"minecraft:red_shulker_box":15,"minecraft:white_bed":3,"minecraft:cobblestone_stairs":1,"minecraft:obsidian":66,"minecraft:spruce_trapdoor":47,"minecraft:granite":48,"minecraft:grass_block":247,"minecraft:composter":1,"minecraft:hopper":13,"minecraft:magma_block":104,"minecraft:glowstone":2,"minecraft:iron_ore":158,"minecraft:fire":27,"minecraft:fletching_table":6,"minecraft:iron_bars":1,"minecraft:tripwire":7,"minecraft:blackstone":73,"minecraft:smoker":2,"minecraft:crimson_nylium":14,"minecraft:soul_fire":5,"minecraft:torch":32,"minecraft:chest":14,"minecraft:nether_quartz_ore":36,"minecraft:glass":118,"minecraft:cobblestone":376,"minecraft:oak_planks":9,"minecraft:sugar_cane":31,"minecraft:grindstone":3,"minecraft:wall_torch":30,"minecraft:cauldron":1,"minecraft:warped_nylium":19,"minecraft:powered_rail":44,"minecraft:wheat":15,"minecraft:activator_rail":14,"minecraft:pumpkin_stem":6,"minecraft:grass":6,"minecraft:oak_log":33,"minecraft:sand":517,"minecraft:dirt":526,"minecraft:stonecutter":2,"minecraft:netherrack":5402,"minecraft:ancient_debris":1,"minecraft:oak_leaves":31,"minecraft:nether_gold_ore":43,"minecraft:pink_shulker_box":10,"minecraft:diamond_ore":15,"minecraft:mossy_cobblestone":20,"minecraft:end_stone":226,"minecraft:spruce_fence":1,"minecraft:crimson_roots":2,"minecraft:redstone_wire":72,"minecraft:spruce_leaves":333,"minecraft:cartography_table":2,"minecraft:large_fern":20,"minecraft:redstone_ore":31,"minecraft:andesite":127,"minecraft:detector_rail":21,"minecraft:bell":1,"minecraft:bookshelf":1,"minecraft:potatoes":60,"minecraft:cobblestone_slab":11,"minecraft:rail":390,"minecraft:chorus_plant":7,"minecraft:stone":2260,"minecraft:bone_block":34,"minecraft:redstone_wall_torch":8,"minecraft:white_wool":1,"minecraft:podzol":20,"minecraft:scaffolding":3,"minecraft:soul_sand":21,"minecraft:basalt":116,"minecraft:observer":9,"minecraft:spruce_door":2,"minecraft:crafting_table":4,"minecraft:emerald_ore":7,"minecraft:warped_roots":3,"minecraft:lectern":6,"minecraft:lapis_ore":5,"minecraft:blue_bed":6,"minecraft:diorite":293,"minecraft:warped_wart_block":1,"minecraft:purple_bed":12,"minecraft:cobblestone_wall":36,"minecraft:redstone_torch":18,"minecraft:sweet_berry_bush":12,"minecraft:spruce_log":1612,"minecraft:grass_path":10,"minecraft:coal_ore":207,"minecraft:end_rod":21,"minecraft:gravel":187,"minecraft:cracked_stone_bricks":1,"minecraft:stone_bricks":1,"minecraft:gold_ore":25,"minecraft:infested_stone":5,"minecraft:fern":16},"minecraft:used":{"minecraft:iron_shovel":758,"minecraft:dispenser":13,"minecraft:spruce_slab":10,"minecraft:oak_sign":5,"minecraft:shield":107,"minecraft:chest":70,"minecraft:iron_sword":283,"minecraft:zombie_spawn_egg":1,"minecraft:bell":1,"minecraft:rotten_flesh":13,"minecraft:spruce_leaves":24,"minecraft:mutton":3,"minecraft:obsidian":70,"minecraft:spruce_boat":20,"minecraft:glass":268,"minecraft:lava_bucket":4,"minecraft:villager_spawn_egg":1,"minecraft:bow":68,"minecraft:scaffolding":109,"minecraft:sweet_berries":14,"minecraft:oak_sapling":1,"minecraft:furnace":6,"minecraft:potato":172,"minecraft:diorite":82,"minecraft:end_rod":5,"minecraft:spruce_door":4,"minecraft:dropper":4,"minecraft:stone_pickaxe":33,"minecraft:powered_rail":69,"minecraft:chorus_fruit":7,"minecraft:oak_planks":9,"minecraft:blackstone":18,"minecraft:wooden_pickaxe":3,"minecraft:blue_bed":5,"minecraft:composter":1,"minecraft:sugar_cane":15,"minecraft:white_wool":1,"minecraft:sand":2,"minecraft:crossbow":4,"minecraft:stone_brick_wall":67,"minecraft:note_block":1,"minecraft:shears":2,"minecraft:end_stone":224,"minecraft:redstone_torch":51,"minecraft:lever":1,"minecraft:string":14,"minecraft:bread":241,"minecraft:lectern":9,"minecraft:gravel":74,"minecraft:wooden_sword":23,"minecraft:grindstone":1,"minecraft:andesite":40,"minecraft:oak_boat":2,"minecraft:netherite_sword":71,"minecraft:flint_and_steel":72,"minecraft:redstone":105,"minecraft:spruce_planks":243,"minecraft:wooden_shovel":52,"minecraft:netherrack":654,"minecraft:torch":273,"minecraft:anvil":3,"minecraft:dirt":406,"minecraft:hopper":44,"minecraft:cobblestone_wall":155,"minecraft:iron_hoe":120,"minecraft:red_shulker_box":15,"minecraft:wooden_axe":36,"minecraft:stone_brick_slab":9,"minecraft:sea_lantern":31,"minecraft:bookshelf":4,"minecraft:iron_axe":2206,"minecraft:tripwire_hook":5,"minecraft:glowstone":32,"minecraft:basalt":90,"minecraft:beef":6,"minecraft:podzol":6,"minecraft:minecart":67,"minecraft:enchanted_golden_apple":2,"minecraft:cooked_beef":1,"minecraft:observer":17,"minecraft:wheat_seeds":1,"minecraft:cooked_mutton":1,"minecraft:water_bucket":273,"minecraft:iron_ore":2,"minecraft:cobblestone_stairs":3,"minecraft:andesite_slab":6,"minecraft:spruce_sign":2,"minecraft:cauldron":2,"minecraft:fletching_table":6,"minecraft:stonecutter":1,"minecraft:cobblestone_slab":16,"minecraft:cracked_stone_bricks":33,"minecraft:rail":443,"minecraft:crafting_table":14,"minecraft:white_bed":10,"minecraft:spruce_log":83,"minecraft:piston":8,"minecraft:activator_rail":16,"minecraft:diamond_pickaxe":9821,"minecraft:iron_pickaxe":567,"minecraft:detector_rail":33,"minecraft:stone_slab":4,"minecraft:spruce_trapdoor":109,"minecraft:spruce_sapling":1,"minecraft:stone_axe":8,"minecraft:cobblestone":1547,"minecraft:purple_bed":13,"minecraft:porkchop":3,"minecraft:pink_shulker_box":8,"minecraft:bucket":284,"minecraft:pumpkin_pie":24,"minecraft:pillager_spawn_egg":1},"minecraft:killed_by":{"minecraft:silverfish":1,"minecraft:blaze":1,"minecraft:zombie":2,"minecraft:spider":1,"minecraft:enderman":1,"minecraft:iron_golem":1,"minecraft:ender_dragon":1,"minecraft:skeleton":2},"minecraft:picked_up":{"minecraft:wooden_axe":1,"minecraft:iron_chestplate":1,"minecraft:wheat":13,"minecraft:stone_slab":2,"minecraft:enchanted_book":1,"minecraft:string":489,"minecraft:pink_shulker_box":10,"minecraft:activator_rail":16,"minecraft:diamond_leggings":2,"minecraft:gold_nugget":57,"minecraft:bucket":2,"minecraft:spruce_planks":86,"minecraft:redstone_torch":29,"minecraft:cobblestone_slab":16,"minecraft:iron_pickaxe":2,"minecraft:enchanted_golden_apple":2,"minecraft:stick":112,"minecraft:composter":1,"minecraft:torch":180,"minecraft:porkchop":3,"minecraft:diorite":322,"minecraft:cauldron":2,"minecraft:rotten_flesh":49,"minecraft:iron_block":3,"minecraft:glowstone":1,"minecraft:bookshelf":1,"minecraft:end_rod":12,"minecraft:obsidian":67,"minecraft:iron_bars":14,"minecraft:cobblestone":3157,"minecraft:magma_block":12,"minecraft:feather":6,"minecraft:andesite":146,"minecraft:smoker":2,"minecraft:potato":191,"minecraft:flint":7,"minecraft:netherite_leggings":1,"minecraft:map":2,"minecraft:lapis_lazuli":97,"minecraft:dirt":910,"minecraft:name_tag":1,"minecraft:glass":59,"minecraft:bone":31,"minecraft:bow":2,"minecraft:stonecutter":2,"minecraft:wheat_seeds":30,"minecraft:bell":1,"minecraft:grindstone":3,"minecraft:fletching_table":6,"minecraft:diamond_helmet":1,"minecraft:glowstone_dust":5,"minecraft:powered_rail":56,"minecraft:oak_planks":30,"minecraft:warped_wart_block":1,"minecraft:poisonous_potato":3,"minecraft:sand":514,"minecraft:mossy_cobblestone":13,"minecraft:dispenser":1,"minecraft:diamond":56,"minecraft:spruce_boat":20,"minecraft:crossbow":1,"minecraft:granite":60,"minecraft:bone_meal":12,"minecraft:emerald":29,"minecraft:bread":4,"minecraft:oak_sapling":1,"minecraft:netherrack":1823,"minecraft:chorus_fruit":28,"minecraft:crimson_roots":12,"minecraft:diamond_pickaxe":5,"minecraft:crafting_table":5,"minecraft:brown_mushroom":3,"minecraft:shield":2,"minecraft:iron_axe":2,"minecraft:wooden_sword":1,"minecraft:blackstone":72,"minecraft:cartography_table":2,"minecraft:detector_rail":25,"minecraft:beef":13,"minecraft:observer":9,"minecraft:iron_nugget":4,"minecraft:poppy":12,"minecraft:minecart":65,"minecraft:spruce_slab":14,"minecraft:lectern":11,"minecraft:sugar_cane":42,"minecraft:chest":14,"minecraft:spruce_trapdoor":46,"minecraft:end_stone":229,"minecraft:stone":8,"minecraft:spruce_fence":1,"minecraft:redstone":470,"minecraft:stone_pressure_plate":2,"minecraft:arrow":27,"minecraft:red_shulker_box":16,"minecraft:diamond_chestplate":1,"minecraft:pumpkin_pie":12,"minecraft:gold_ingot":2,"minecraft:bone_block":34,"minecraft:mutton":10,"minecraft:rail":544,"minecraft:white_wool":22,"minecraft:basalt":116,"minecraft:tripwire_hook":2,"minecraft:leather":9,"minecraft:fern":1,"minecraft:oak_log":32,"minecraft:ancient_debris":1,"minecraft:golden_boots":1,"minecraft:cobblestone_wall":37,"minecraft:gunpowder":4,"minecraft:cobblestone_stairs":1,"minecraft:blue_bed":6,"minecraft:cooked_mutton":9,"minecraft:stone_bricks":1,"minecraft:iron_ingot":102,"minecraft:stone_pickaxe":1,"minecraft:iron_ore":211,"minecraft:iron_sword":1,"minecraft:soul_sand":27,"minecraft:book":7,"minecraft:scaffolding":48,"minecraft:sweet_berries":14,"minecraft:quartz":29,"minecraft:dandelion":1,"minecraft:gravel":106,"minecraft:spruce_sapling":103,"minecraft:white_bed":4,"minecraft:spruce_log":1554,"minecraft:gold_ore":28,"minecraft:spruce_door":2,"minecraft:spider_eye":4,"minecraft:dragon_egg":1,"minecraft:purple_bed":13,"minecraft:coal":252,"minecraft:hopper":15,"minecraft:ender_pearl":1}},"DataVersion":2586}