{"stats":{"minecraft:killed":{"minecraft:spider":4,"minecraft:skeleton":35,"minecraft:silverfish":3,"minecraft:piglin":4,"minecraft:pig":2,"minecraft:iron_golem":6,"minecraft:ender_dragon":1,"minecraft:creeper":6,"minecraft:sheep":9,"minecraft:zombie":44,"minecraft:cow":7,"minecraft:bat":1,"minecraft:villager":7,"minecraft:enderman":1},"minecraft:crafted":{"minecraft:oak_planks":80,"minecraft:cobblestone_slab":6,"minecraft:stone":28,"minecraft:cobblestone_stairs":4,"minecraft:bookshelf":6,"minecraft:cooked_mutton":2,"minecraft:glass":280,"minecraft:hopper":7,"minecraft:bow":2,"minecraft:stone_pressure_plate":7,"minecraft:chest":69,"minecraft:rail":96,"minecraft:golden_boots":1,"minecraft:wooden_shovel":1,"minecraft:emerald":234,"minecraft:arrow":192,"minecraft:cauldron":1,"minecraft:crafting_table":8,"minecraft:spruce_planks":4845,"minecraft:wooden_pickaxe":1,"minecraft:spruce_door":3,"minecraft:fletching_table":1,"minecraft:spruce_trapdoor":72,"minecraft:lectern":2,"minecraft:book":3,"minecraft:paper":9,"minecraft:diamond_pickaxe":3,"minecraft:shield":1,"minecraft:stick":7637,"minecraft:stone_slab":6,"minecraft:iron_ingot":289,"minecraft:iron_pickaxe":3,"minecraft:iron_block":5,"minecraft:gold_ingot":50,"minecraft:redstone_torch":53,"minecraft:redstone":90,"minecraft:furnace":6,"minecraft:piston":16,"minecraft:bone_meal":27,"minecraft:flint_and_steel":1,"minecraft:detector_rail":30,"minecraft:iron_axe":14,"minecraft:spruce_wood":33,"minecraft:iron_hoe":3,"minecraft:spruce_slab":18,"minecraft:stone_pickaxe":1,"minecraft:cobblestone_wall":390,"minecraft:spruce_boat":4,"minecraft:redstone_block":35,"minecraft:minecart":5,"minecraft:observer":16,"minecraft:cooked_beef":7,"minecraft:crossbow":1,"minecraft:spruce_sign":3,"minecraft:powered_rail":42,"minecraft:activator_rail":24,"minecraft:iron_sword":3,"minecraft:bucket":12,"minecraft:stone_axe":1,"minecraft:enchanted_book":1,"minecraft:air":0,"minecraft:bread":306,"minecraft:oak_boat":2,"minecraft:andesite_slab":6,"minecraft:wooden_axe":1,"minecraft:iron_shovel":4,"minecraft:anvil":2,"minecraft:white_bed":6,"minecraft:pumpkin_pie":24,"minecraft:note_block":1,"minecraft:torch":298},"minecraft:dropped":{"minecraft:iron_sword":1,"minecraft:diamond":95,"minecraft:leather":6,"minecraft:flint":1,"minecraft:cobblestone_stairs":2,"minecraft:emerald":27,"minecraft:dirt":276,"minecraft:dispenser":1,"minecraft:mutton":5,"minecraft:crimson_roots":4,"minecraft:gold_nugget":3,"minecraft:bone_meal":14,"minecraft:iron_pickaxe":1,"minecraft:white_wool":1,"minecraft:cauldron":1,"minecraft:bone":10,"minecraft:gravel":1,"minecraft:sugar_cane":9,"minecraft:wheat":6,"minecraft:obsidian":2,"minecraft:rotten_flesh":23,"minecraft:grindstone":3,"minecraft:fern":1,"minecraft:oak_planks":1,"minecraft:white_bed":1,"minecraft:poppy":5,"minecraft:gunpowder":2,"minecraft:glowstone":2,"minecraft:hopper":1,"minecraft:stone_brick_wall":1,"minecraft:chest":1,"minecraft:spruce_slab":10,"minecraft:arrow":10,"minecraft:podzol":3,"minecraft:glass":15,"minecraft:netherrack":320,"minecraft:cartography_table":1,"minecraft:lectern":5,"minecraft:golden_boots":1,"minecraft:iron_ingot":70,"minecraft:bread":19,"minecraft:wheat_seeds":3,"minecraft:mossy_cobblestone":5,"minecraft:diamond_leggings":2,"minecraft:poisonous_potato":3,"minecraft:cobblestone":582,"minecraft:book":2,"minecraft:granite":13,"minecraft:spruce_door":1,"minecraft:coal":4,"minecraft:stick":108,"minecraft:diorite":71,"minecraft:torch":69,"minecraft:map":2,"minecraft:diamond_helmet":1,"minecraft:iron_leggings":1,"minecraft:iron_axe":3,"minecraft:bucket":5,"minecraft:redstone":8,"minecraft:dandelion":1,"minecraft:spruce_sapling":19,"minecraft:zombie_spawn_egg":1,"minecraft:sweet_berries":1,"minecraft:cobblestone_wall":1,"minecraft:iron_boots":1,"minecraft:stone_slab":4,"minecraft:name_tag":1,"minecraft:potato":6,"minecraft:cobblestone_slab":1,"minecraft:spruce_boat":1,"minecraft:stone":1,"minecraft:diamond_chestplate":1,"minecraft:spruce_trapdoor":6,"minecraft:spruce_planks":19,"minecraft:diamond_pickaxe":2,"minecraft:iron_chestplate":2,"minecraft:andesite":38,"minecraft:stone_pressure_plate":4,"minecraft:spruce_log":2,"minecraft:bow":2},"minecraft:broken":{"minecraft:iron_shovel":2,"minecraft:stone_pickaxe":1,"minecraft:diamond_pickaxe":1,"minecraft:wooden_sword":1,"minecraft:wooden_axe":1,"minecraft:iron_axe":3,"minecraft:iron_pickaxe":2},"minecraft:used":{"minecraft:iron_shovel":709,"minecraft:dispenser":13,"minecraft:spruce_slab":10,"minecraft:oak_sign":3,"minecraft:shield":77,"minecraft:chest":60,"minecraft:iron_sword":249,"minecraft:zombie_spawn_egg":1,"minecraft:bell":1,"minecraft:rotten_flesh":13,"minecraft:spruce_leaves":24,"minecraft:mutton":3,"minecraft:obsidian":34,"minecraft:spruce_boat":19,"minecraft:glass":206,"minecraft:lava_bucket":4,"minecraft:villager_spawn_egg":1,"minecraft:bow":68,"minecraft:scaffolding":85,"minecraft:sweet_berries":14,"minecraft:oak_sapling":1,"minecraft:furnace":6,"minecraft:potato":172,"minecraft:diorite":74,"minecraft:spruce_door":4,"minecraft:dropper":4,"minecraft:stone_pickaxe":33,"minecraft:powered_rail":69,"minecraft:oak_planks":9,"minecraft:blackstone":18,"minecraft:wooden_pickaxe":3,"minecraft:composter":1,"minecraft:blue_bed":5,"minecraft:sugar_cane":15,"minecraft:white_wool":1,"minecraft:sand":2,"minecraft:crossbow":4,"minecraft:stone_brick_wall":67,"minecraft:note_block":1,"minecraft:redstone_torch":51,"minecraft:bread":183,"minecraft:lectern":7,"minecraft:gravel":72,"minecraft:wooden_sword":23,"minecraft:grindstone":1,"minecraft:andesite":40,"minecraft:oak_boat":2,"minecraft:netherite_sword":71,"minecraft:flint_and_steel":56,"minecraft:redstone":105,"minecraft:spruce_planks":226,"minecraft:wooden_shovel":52,"minecraft:netherrack":320,"minecraft:torch":273,"minecraft:anvil":2,"minecraft:dirt":387,"minecraft:hopper":25,"minecraft:cobblestone_wall":150,"minecraft:iron_hoe":120,"minecraft:red_shulker_box":1,"minecraft:wooden_axe":36,"minecraft:stone_brick_slab":9,"minecraft:sea_lantern":31,"minecraft:bookshelf":4,"minecraft:iron_axe":1924,"minecraft:glowstone":32,"minecraft:basalt":90,"minecraft:beef":6,"minecraft:podzol":6,"minecraft:minecart":64,"minecraft:cooked_beef":1,"minecraft:observer":17,"minecraft:wheat_seeds":1,"minecraft:cooked_mutton":1,"minecraft:water_bucket":263,"minecraft:iron_ore":2,"minecraft:cobblestone_stairs":3,"minecraft:andesite_slab":6,"minecraft:spruce_sign":2,"minecraft:cauldron":2,"minecraft:fletching_table":6,"minecraft:stonecutter":1,"minecraft:cobblestone_slab":16,"minecraft:cracked_stone_bricks":33,"minecraft:rail":424,"minecraft:crafting_table":13,"minecraft:white_bed":9,"minecraft:spruce_log":83,"minecraft:piston":8,"minecraft:activator_rail":16,"minecraft:diamond_pickaxe":5463,"minecraft:iron_pickaxe":567,"minecraft:detector_rail":33,"minecraft:stone_slab":4,"minecraft:spruce_trapdoor":104,"minecraft:spruce_sapling":1,"minecraft:stone_axe":8,"minecraft:cobblestone":1529,"minecraft:purple_bed":13,"minecraft:porkchop":3,"minecraft:pink_shulker_box":1,"minecraft:bucket":274,"minecraft:pumpkin_pie":24,"minecraft:pillager_spawn_egg":1},"minecraft:picked_up":{"minecraft:wooden_axe":1,"minecraft:iron_chestplate":1,"minecraft:wheat":13,"minecraft:stone_slab":2,"minecraft:enchanted_book":1,"minecraft:string":1,"minecraft:pink_shulker_box":1,"minecraft:activator_rail":16,"minecraft:diamond_leggings":2,"minecraft:gold_nugget":57,"minecraft:bucket":2,"minecraft:spruce_planks":77,"minecraft:redstone_torch":29,"minecraft:cobblestone_slab":16,"minecraft:iron_pickaxe":1,"minecraft:stick":92,"minecraft:composter":1,"minecraft:torch":178,"minecraft:porkchop":3,"minecraft:diorite":314,"minecraft:cauldron":2,"minecraft:rotten_flesh":44,"minecraft:iron_block":3,"minecraft:glowstone":1,"minecraft:end_rod":11,"minecraft:bookshelf":1,"minecraft:obsidian":29,"minecraft:iron_bars":13,"minecraft:cobblestone":3140,"minecraft:magma_block":11,"minecraft:feather":6,"minecraft:andesite":141,"minecraft:smoker":2,"minecraft:potato":191,"minecraft:flint":5,"minecraft:map":2,"minecraft:lapis_lazuli":97,"minecraft:dirt":873,"minecraft:name_tag":1,"minecraft:glass":59,"minecraft:bone":31,"minecraft:bow":2,"minecraft:stonecutter":2,"minecraft:wheat_seeds":29,"minecraft:bell":1,"minecraft:grindstone":3,"minecraft:fletching_table":5,"minecraft:diamond_helmet":1,"minecraft:glowstone_dust":5,"minecraft:powered_rail":56,"minecraft:oak_planks":27,"minecraft:poisonous_potato":3,"minecraft:sand":514,"minecraft:mossy_cobblestone":13,"minecraft:dispenser":1,"minecraft:diamond":53,"minecraft:spruce_boat":19,"minecraft:crossbow":1,"minecraft:granite":60,"minecraft:bone_meal":12,"minecraft:emerald":29,"minecraft:bread":4,"minecraft:oak_sapling":1,"minecraft:netherrack":779,"minecraft:crimson_roots":12,"minecraft:diamond_pickaxe":3,"minecraft:crafting_table":5,"minecraft:brown_mushroom":2,"minecraft:shield":2,"minecraft:iron_axe":2,"minecraft:wooden_sword":1,"minecraft:blackstone":34,"minecraft:cartography_table":2,"minecraft:detector_rail":25,"minecraft:beef":13,"minecraft:observer":9,"minecraft:iron_nugget":4,"minecraft:poppy":12,"minecraft:minecart":62,"minecraft:spruce_slab":14,"minecraft:lectern":10,"minecraft:sugar_cane":42,"minecraft:chest":8,"minecraft:spruce_trapdoor":43,"minecraft:end_stone":4,"minecraft:stone":8,"minecraft:spruce_fence":1,"minecraft:redstone":470,"minecraft:stone_pressure_plate":2,"minecraft:arrow":26,"minecraft:red_shulker_box":2,"minecraft:diamond_chestplate":1,"minecraft:pumpkin_pie":12,"minecraft:bone_block":34,"minecraft:mutton":10,"minecraft:rail":527,"minecraft:white_wool":21,"minecraft:basalt":116,"minecraft:leather":9,"minecraft:fern":1,"minecraft:oak_log":24,"minecraft:golden_boots":1,"minecraft:cobblestone_wall":36,"minecraft:gunpowder":4,"minecraft:cobblestone_stairs":1,"minecraft:blue_bed":6,"minecraft:cooked_mutton":7,"minecraft:stone_bricks":1,"minecraft:iron_ingot":102,"minecraft:stone_pickaxe":1,"minecraft:iron_ore":211,"minecraft:iron_sword":1,"minecraft:soul_sand":27,"minecraft:book":7,"minecraft:scaffolding":34,"minecraft:sweet_berries":13,"minecraft:quartz":29,"minecraft:dandelion":1,"minecraft:gravel":103,"minecraft:spruce_sapling":90,"minecraft:white_bed":4,"minecraft:spruce_log":1403,"minecraft:gold_ore":28,"minecraft:dragon_egg":1,"minecraft:spruce_door":2,"minecraft:spider_eye":1,"minecraft:purple_bed":13,"minecraft:coal":252,"minecraft:hopper":2,"minecraft:ender_pearl":1},"minecraft:killed_by":{"minecraft:silverfish":1,"minecraft:blaze":1,"minecraft:zombie":1,"minecraft:spider":1,"minecraft:iron_golem":1,"minecraft:ender_dragon":1,"minecraft:skeleton":2},"minecraft:mined":{"minecraft:spruce_planks":81,"minecraft:red_shulker_box":1,"minecraft:white_bed":3,"minecraft:cobblestone_stairs":1,"minecraft:obsidian":28,"minecraft:spruce_trapdoor":44,"minecraft:granite":48,"minecraft:grass_block":219,"minecraft:composter":1,"minecraft:hopper":2,"minecraft:magma_block":50,"minecraft:glowstone":2,"minecraft:iron_ore":158,"minecraft:fire":23,"minecraft:fletching_table":5,"minecraft:iron_bars":1,"minecraft:blackstone":18,"minecraft:smoker":2,"minecraft:crimson_nylium":11,"minecraft:soul_fire":5,"minecraft:torch":31,"minecraft:chest":8,"minecraft:glass":80,"minecraft:nether_quartz_ore":30,"minecraft:cobblestone":374,"minecraft:grindstone":3,"minecraft:sugar_cane":31,"minecraft:oak_planks":9,"minecraft:wall_torch":29,"minecraft:cauldron":1,"minecraft:powered_rail":44,"minecraft:wheat":15,"minecraft:activator_rail":14,"minecraft:pumpkin_stem":6,"minecraft:grass":5,"minecraft:oak_log":24,"minecraft:sand":517,"minecraft:dirt":521,"minecraft:stonecutter":2,"minecraft:netherrack":1586,"minecraft:oak_leaves":7,"minecraft:nether_gold_ore":32,"minecraft:pink_shulker_box":1,"minecraft:diamond_ore":15,"minecraft:mossy_cobblestone":20,"minecraft:end_stone":2,"minecraft:spruce_fence":1,"minecraft:crimson_roots":2,"minecraft:redstone_wire":72,"minecraft:spruce_leaves":296,"minecraft:cartography_table":2,"minecraft:large_fern":17,"minecraft:redstone_ore":31,"minecraft:andesite":122,"minecraft:detector_rail":21,"minecraft:bell":1,"minecraft:bookshelf":1,"minecraft:potatoes":60,"minecraft:cobblestone_slab":11,"minecraft:rail":371,"minecraft:stone":2242,"minecraft:bone_block":34,"minecraft:white_wool":1,"minecraft:redstone_wall_torch":8,"minecraft:podzol":20,"minecraft:scaffolding":1,"minecraft:soul_sand":9,"minecraft:basalt":116,"minecraft:observer":9,"minecraft:spruce_door":2,"minecraft:crafting_table":4,"minecraft:emerald_ore":7,"minecraft:lectern":5,"minecraft:lapis_ore":5,"minecraft:diorite":285,"minecraft:blue_bed":6,"minecraft:purple_bed":12,"minecraft:cobblestone_wall":35,"minecraft:redstone_torch":18,"minecraft:sweet_berry_bush":12,"minecraft:spruce_log":1454,"minecraft:grass_path":10,"minecraft:coal_ore":207,"minecraft:end_rod":18,"minecraft:gravel":148,"minecraft:stone_bricks":1,"minecraft:gold_ore":25,"minecraft:infested_stone":5,"minecraft:fern":14},"minecraft:custom":{"minecraft:interact_with_crafting_table":199,"minecraft:open_shulker_box":5,"minecraft:bell_ring":4,"minecraft:leave_game":39,"minecraft:time_since_death":170505,"minecraft:sprint_one_cm":1693579,"minecraft:damage_blocked_by_shield":2740,"minecraft:drop":242,"minecraft:play_noteblock":1,"minecraft:talked_to_villager":185,"minecraft:deaths":36,"minecraft:jump":17509,"minecraft:walk_on_water_one_cm":134340,"minecraft:enchant_item":6,"minecraft:interact_with_furnace":106,"minecraft:traded_with_villager":322,"minecraft:interact_with_cartography_table":1,"minecraft:play_one_minute":1127856,"minecraft:sleep_in_bed":46,"minecraft:damage_dealt":21875,"minecraft:crouch_one_cm":107297,"minecraft:inspect_dispenser":9,"minecraft:inspect_dropper":2,"minecraft:interact_with_anvil":17,"minecraft:mob_kills":144,"minecraft:inspect_hopper":19,"minecraft:climb_one_cm":11164,"minecraft:walk_one_cm":3794650,"minecraft:sneak_time":27870,"minecraft:walk_under_water_one_cm":128351,"minecraft:boat_one_cm":424917,"minecraft:interact_with_blast_furnace":30,"minecraft:tune_noteblock":57,"minecraft:time_since_rest":81222,"minecraft:damage_taken":15390,"minecraft:minecart_one_cm":57762,"minecraft:swim_one_cm":19576,"minecraft:fly_one_cm":3043666,"minecraft:open_chest":291,"minecraft:fall_one_cm":342737}},"DataVersion":2586}