{"stats":{"minecraft:crafted":{"regions_unexplored:maple_planks":72,"travelersbackpack:diamond":1,"minecraft:bookshelf":5,"minecraft:iron_boots":1,"minecraft:chest":2,"minecraft:crafting_table":13,"minecraft:spruce_planks":80,"minecraft:wooden_pickaxe":1,"travelersbackpack:standard":1,"minecraft:smithing_table":1,"minecraft:iron_chestplate":1,"minecraft:diamond_pickaxe":2,"minecraft:stick":38,"minecraft:iron_ingot":78,"minecraft:iron_pickaxe":2,"minecraft:iron_block":5,"minecraft:gold_ingot":39,"mcdw:sword_claymore":1,"minecells:cell_infused_steel":4,"comforts:sleeping_bag_white":1,"minecraft:furnace":1,"ironchests:blank_chest_upgrade":1,"minecraft:stone_pickaxe":1,"mcdw:sword_broadsword":1,"travelersbackpack:diamond_tier_upgrade":1,"soulsweapons:moonstone_block":5,"soulsweapons:bluemoon_shortsword":2,"minecraft:iron_sword":1,"minecraft:stone_axe":1,"minecraft:air":0,"minecraft:white_wool":5,"minecraft:iron_leggings":1,"minecraft:anvil":1,"minecraft:torch":64,"minecraft:diamond_chestplate":1},"minecraft:used":{"mcdw:sword_claymore":36,"minecraft:chest":2,"minecraft:shield":82,"lootr:trophy":1,"travelersbackpack:diamond":15,"minecraft:rotten_flesh":66,"minecraft:iron_chestplate":1,"regions_unexplored:maple_sapling":5,"minecells:broadsword":325,"simplyswords:iron_scythe":21,"minecraft:bow":4,"minecraft:sweet_berries":15,"minecraft:furnace":1,"minecraft:stone_pickaxe":106,"minecraft:wooden_pickaxe":10,"soulsweapons:bluemoon_shortsword":194,"simplyswords:mjolnir":89,"minecraft:bread":23,"minecraft:smithing_table":1,"minecraft:cobweb":5,"minecraft:stone_sword":84,"regions_unexplored:maple_planks":21,"minecraft:torch":38,"minecraft:dirt":1,"minecraft:anvil":4,"twigs:rhyolite":4,"minecraft:granite":23,"minecraft:iron_axe":82,"minecells:guts":3,"minecraft:iron_boots":2,"minecraft:diamond_chestplate":1,"minecraft:basalt":37,"minecraft:cobbled_deepslate":195,"minecraft:iron_leggings":2,"minecraft:crafting_table":13,"minecraft:diamond_pickaxe":685,"minecraft:apple":1,"minecraft:iron_pickaxe":750,"minecraft:spruce_sapling":4,"minecraft:stone_axe":32,"minecraft:enchanted_book":2,"minecraft:cobblestone":54,"travelersbackpack:standard":6,"minecraft:porkchop":2},"minecraft:custom":{"lootr:looted_stat":106,"minecraft:interact_with_crafting_table":62,"minecraft:leave_game":4,"minecraft:time_since_death":242926,"minecraft:damage_resisted":34,"minecraft:sprint_one_cm":658312,"minecraft:damage_blocked_by_shield":2760,"minecraft:drop":123,"minecraft:talked_to_villager":5,"minecraft:play_time":431968,"minecraft:deaths":5,"minecraft:jump":3936,"minecraft:interact_with_brewingstand":1,"minecraft:walk_on_water_one_cm":18731,"minecraft:interact_with_furnace":19,"minecraft:interact_with_cartography_table":6,"minecraft:sleep_in_bed":11,"minecraft:damage_dealt":38942,"minecraft:crouch_one_cm":23724,"minecraft:interact_with_smoker":3,"minecraft:interact_with_smithing_table":1,"minecraft:mob_kills":211,"minecraft:interact_with_anvil":21,"minecraft:damage_dealt_resisted":0,"minecraft:climb_one_cm":6981,"minecraft:walk_one_cm":1377888,"minecraft:target_hit":1,"minecraft:sneak_time":6343,"minecraft:walk_under_water_one_cm":14388,"minecraft:interact_with_blast_furnace":1,"minecraft:total_world_time":431968,"minecraft:hex":0,"minecraft:time_since_rest":35094,"minecraft:damage_taken":3446,"minecraft:swim_one_cm":2684,"minecraft:fly_one_cm":594444,"minecraft:open_chest":7,"minecraft:threat":10,"minecraft:fall_one_cm":161847},"minecraft:mined":{"winterly:raw_cryomarble_shard":15,"minecells:small_prison_bricks":1,"regions_unexplored:golden_larch_leaves":1,"minecells:putrid_fence":6,"regions_unexplored:blue_lupine":1,"indrev:deepslate_tungsten_ore":4,"minecraft:brewing_stand":1,"minecraft:granite":35,"minecraft:grass_block":2,"modern_industrialization:lignite_coal_ore":1,"minecraft:spawner":3,"modern_industrialization:tungsten_ore":2,"minecraft:iron_ore":71,"minecraft:cobbled_deepslate":2,"minecraft:fire":4,"techreborn:deepslate_lead_ore":2,"minecraft:deepslate_lapis_ore":2,"minecraft:anvil":3,"minecraft:enchanting_table":1,"minecells:wilted_wall_leaves":1,"powah:uraninite_ore_poor":3,"bewitchment:deepslate_salt_ore":4,"create:veridium":80,"techreborn:deepslate_bauxite_ore":6,"modern_industrialization:deepslate_tungsten_ore":1,"regions_unexplored:red_lupine":2,"soulsweapons:verglas_ore_deepslate":2,"supplementaries:book_pile":1,"minecraft:torch":1,"techreborn:deepslate_tin_ore":2,"minecraft:chest":1,"minecells:alchemy_equipment_2":1,"powah:deepslate_uraninite_ore_poor":1,"modern_industrialization:deepslate_lignite_coal_ore":2,"travelersbackpack:diamond":6,"modern_industrialization:deepslate_uranium_ore":1,"lootr:trophy":1,"minecraft:tnt":1,"minecraft:grass":4,"archon:earth_node":2,"minecraft:sand":19,"minecraft:dirt":8,"minecraft:smooth_basalt":3,"twigs:rhyolite":16,"promenade:asphalt":1,"minecraft:deepslate":668,"soulsweapons:verglas_ore":1,"powah:deepslate_uraninite_ore":1,"minecraft:tuff":22,"minecraft:deepslate_diamond_ore":43,"modern_industrialization:deepslate_antimony_ore":1,"minecraft:dark_oak_fence":1,"minecells:prison_cobblestone":2,"minecells:prison_stone":7,"indrev:deepslate_lead_ore":6,"techreborn:bauxite_ore":2,"minecraft:spruce_leaves":1,"frostiful:hot_sun_lichen":3,"minecells:chain_pile_block":1,"techreborn:lead_ore":2,"minecraft:andesite":8,"treechop:chopped_log":5,"indrev:deepslate_nikolite_ore":2,"minecraft:gold_block":3,"soulsweapons:moonstone_ore_deepslate":57,"minecraft:bookshelf":29,"minecraft:deepslate_iron_ore":3,"minecraft:vine":10,"minecells:cage":1,"modern_industrialization:deepslate_nickel_ore":3,"regions_unexplored:ash_vent":1,"regions_unexplored:medium_grass":3,"minecraft:stone":152,"techreborn:deepslate_silver_ore":1,"minecraft:basalt":60,"create_new_age:magnetite_block":2,"travelersbackpack:standard":2,"modern_industrialization:nickel_ore":3,"minecraft:copper_ore":2,"minecells:alchemy_equipment_0":1,"minecraft:lapis_ore":1,"minecraft:deepslate_gold_ore":66,"minecraft:diorite":12,"techreborn:tin_ore":3,"supplementaries:urn":4,"jewelry:deepslate_gem_vein":2,"minecraft:stripped_spruce_wood":2,"minecraft:sweet_berry_bush":7,"minecraft:coal_ore":74,"minecraft:gravel":34,"minecraft:cobweb":53,"minecraft:cracked_stone_bricks":4,"minecraft:stone_bricks":15,"minecraft:mossy_stone_bricks":5,"minecraft:gold_ore":1},"minecraft:dropped":{"soulsweapons:bluemoon_shortsword":1,"minecraft:diamond":27,"minecraft:leather":3,"regions_unexplored:maple_planks":6,"minecells:broadsword":1,"minecraft:dirt":5,"minecells:infected_flesh":4,"regions_unexplored:golden_larch_sapling":3,"minecraft:chain":1,"minecraft:sand":17,"ftbquests:book":1,"minecraft:white_wool":3,"twigs:twig":1,"minecraft:gravel":7,"minecraft:cobbled_deepslate":95,"soulsweapons:moonstone":17,"minecraft:rotten_flesh":2,"minecraft:golden_shovel":1,"supplementaries:ash":3,"regions_unexplored:red_lupine":3,"techreborn:raw_silver":2,"minecells:small_prison_bricks":1,"minecraft:gunpowder":4,"simplyswords:mjolnir":1,"minecraft:basalt":13,"minecraft:enchanting_table":1,"minecraft:enchanted_book":2,"minecraft:wheat_seeds":1,"ironchests:blank_chest_upgrade":2,"minecells:prison_cobblestone":5,"minecraft:bookshelf":5,"techreborn:raw_lead":2,"tiered:limestone_chunk":4,"minecraft:cobblestone":70,"minecraft:book":65,"techreborn:deepslate_bauxite_ore":6,"minecraft:stick":5,"minecraft:diorite":8,"minecells:putrid_fence":1,"minecells:explosive_bulb":1,"minecraft:wooden_axe":1,"minecells:metal_shards":1,"modern_industrialization:raw_uranium":1,"minecraft:iron_shovel":1,"minecraft:string":11,"powah:uraninite_raw":4,"minecraft:raw_copper":5,"winterly:cryomarble_shard":3,"promenade:asphalt":2,"minecells:monster_cell":1,"simplyswords:iron_scythe":2,"minecraft:shield":2,"create_new_age:magnetite_block":1,"minecraft:iron_chestplate":1,"minecraft:bow":1,"minecraft:stone_pickaxe":1,"minecraft:wooden_pickaxe":2,"regions_unexplored:blue_lupine":1},"minecraft:killed":{"minecraft:cave_spider":7,"minecraft:spider":7,"naturalist:boar":1,"minecraft:skeleton":14,"minecells:leaping_zombie":49,"minecells:grenadier":19,"minecells:protector":8,"artifacts:mimic":4,"minecraft:zombie_villager":1,"mutantmonsters:mutant_skeleton":1,"minecraft:creeper":5,"minecraft:sheep":1,"minecraft:pillager":2,"minecraft:zombie":42,"minecells:shieldbearer":5,"minecells:mutated_bat":13,"promenade:duck":2,"graveyard:revenant":2,"minecells:undead_archer":12,"bewitchment:ghost":1,"graveyard:ghoul":1,"minecells:runner":12},"minecraft:broken":{"minecraft:iron_boots":1,"minecraft:iron_leggings":1,"immersive_armors:robe_leggings":1,"mcda:emerald_gear_helmet":1,"minecraft:iron_pickaxe":3},"minecraft:killed_by":{"minecraft:zombie":1,"minecraft:spider":1},"minecraft:picked_up":{"techreborn:raw_tin":5,"minecraft:anvil":3,"minecells:small_prison_bricks":1,"soulsweapons:moonstone":74,"minecraft:enchanted_book":2,"minecraft:brewing_stand":1,"minecraft:string":35,"minecraft:raw_copper":5,"travelersbackpack:diamond":6,"minecraft:cobbled_deepslate":418,"twigs:pebble":2,"modern_industrialization:raw_uranium":1,"regions_unexplored:larch_log":6,"minecells:guts":21,"minecraft:stick":6,"minecraft:torch":1,"minecraft:porkchop":2,"minecraft:diorite":12,"minecells:putrid_fence":3,"indrev:raw_lead":4,"minecraft:rotten_flesh":62,"immersive_armors:robe_leggings":1,"archon:thunder_strike_tome":1,"create:veridium":79,"supplementaries:ash":3,"minecraft:cobblestone":198,"regions_unexplored:golden_larch_sapling":3,"minecraft:enchanting_table":1,"minecraft:flint":1,"minecraft:stripped_spruce_wood":2,"lootr:trophy":1,"minecraft:dirt":9,"minecraft:bone":3,"minecraft:wheat_seeds":1,"minecraft:raw_gold":67,"create_new_age:magnetite_block":2,"ftbquests:book":1,"twigs:twig":8,"patchouli:guide_book":1,"techreborn:raw_lead":4,"minecraft:sand":22,"simplyswords:mjolnir":1,"minecells:metal_shards":1,"winterly:cryomarble_shard":18,"techreborn:bauxite_ore":2,"minecraft:diamond":51,"minecells:explosive_bulb":8,"minecraft:granite":35,"soulsweapons:verglas":2,"minecraft:bread":20,"twigs:rhyolite":4,"modern_industrialization:lignite_coal":3,"minecraft:wooden_pickaxe":1,"minecraft:gold_block":3,"minecraft:shield":1,"techreborn:raw_silver":3,"minecraft:chest":1,"minecraft:raw_iron":69,"promenade:asphalt":2,"regions_unexplored:blue_lupine":1,"minecraft:tnt":1,"minecraft:arrow":5,"jewelry:ruby":1,"simplyswords:iron_scythe":1,"regions_unexplored:maple_sapling":5,"mcda:emerald_gear_helmet":1,"minecraft:mutton":2,"minecells:broadsword":1,"minecraft:white_wool":1,"modern_industrialization:raw_antimony":1,"minecraft:basalt":55,"regions_unexplored:red_lupine":3,"minecraft:gunpowder":6,"artifacts:cloud_in_a_bottle":1,"jewelry:tanzanite":1,"minecraft:apple":1,"minecraft:iron_ingot":32,"techreborn:deepslate_bauxite_ore":12,"minecraft:book":80,"minecraft:smooth_basalt":3,"minecraft:sweet_berries":15,"minecells:prison_cobblestone":5,"minecells:monster_cell":61,"minecells:infected_flesh":8,"minecraft:gravel":11,"bewitchment:salt":4,"powah:uraninite_raw":4,"minecraft:spruce_sapling":4,"minecraft:spruce_log":18,"minecraft:spider_eye":2,"travelersbackpack:standard":2,"modern_industrialization:raw_nickel":4,"regions_unexplored:maple_log":18,"minecraft:coal":68,"minecraft:wooden_axe":2}},"DataVersion":3465}