{"stats":{"minecraft:crafted":{"soulsweapons:bluemoon_shortsword":2,"minecraft:crafting_table":5,"regions_unexplored:maple_planks":72,"minecraft:wooden_pickaxe":1,"minecraft:iron_sword":1,"minecraft:furnace":1,"minecraft:stone_axe":1,"minecraft:air":0,"ironchests:blank_chest_upgrade":1,"minecraft:iron_chestplate":1,"minecraft:stick":10,"minecraft:iron_ingot":69,"minecraft:iron_pickaxe":1,"minecraft:stone_pickaxe":1,"minecraft:iron_block":2,"mcdw:sword_broadsword":1,"minecraft:chest":1,"minecraft:torch":16,"mcdw:sword_claymore":1},"minecraft:used":{"minecraft:stone_sword":84,"minecraft:stone_pickaxe":106,"minecraft:wooden_pickaxe":10,"minecraft:chest":2,"minecraft:shield":40,"minecraft:rotten_flesh":3,"minecraft:iron_chestplate":1,"minecraft:torch":11,"soulsweapons:bluemoon_shortsword":16,"minecraft:dirt":1,"minecraft:anvil":1,"minecraft:crafting_table":5,"simplyswords:mjolnir":58,"minecraft:apple":1,"minecraft:bread":6,"minecraft:iron_pickaxe":159,"regions_unexplored:maple_sapling":5,"minecraft:spruce_sapling":4,"minecraft:stone_axe":32,"minecraft:cobblestone":18,"minecraft:sweet_berries":15,"minecraft:furnace":1,"minecraft:porkchop":2},"minecraft:dropped":{"ironchests:blank_chest_upgrade":2,"minecraft:wheat_seeds":1,"minecraft:cobblestone":8,"minecraft:rotten_flesh":2,"winterly:cryomarble_shard":3,"minecraft:stick":1,"minecraft:dirt":3,"supplementaries:ash":3,"minecraft:shield":1,"regions_unexplored:red_lupine":3,"minecraft:wooden_axe":1,"modern_industrialization:raw_uranium":1,"minecraft:stone_pickaxe":1,"minecraft:wooden_pickaxe":2,"minecraft:iron_shovel":1,"ftbquests:book":1,"regions_unexplored:blue_lupine":1,"twigs:twig":1,"powah:uraninite_raw":4,"soulsweapons:bluemoon_shortsword":1},"minecraft:custom":{"minecraft:interact_with_furnace":12,"lootr:looted_stat":16,"minecraft:interact_with_anvil":1,"minecraft:mob_kills":37,"minecraft:interact_with_crafting_table":24,"minecraft:interact_with_cartography_table":4,"minecraft:damage_dealt_resisted":0,"minecraft:leave_game":2,"minecraft:time_since_death":72472,"minecraft:sleep_in_bed":5,"minecraft:hex":0,"minecraft:time_since_rest":72500,"minecraft:sprint_one_cm":186551,"minecraft:damage_taken":1182,"minecraft:walk_one_cm":389759,"minecraft:damage_blocked_by_shield":1100,"minecraft:drop":29,"minecraft:damage_dealt":7899,"minecraft:swim_one_cm":2684,"minecraft:talked_to_villager":5,"minecraft:fly_one_cm":267143,"minecraft:open_chest":5,"minecraft:crouch_one_cm":3471,"minecraft:play_time":145454,"minecraft:deaths":3,"minecraft:sneak_time":913,"minecraft:walk_under_water_one_cm":10791,"minecraft:jump":1621,"minecraft:walk_on_water_one_cm":4685,"minecraft:threat":2,"minecraft:interact_with_smoker":3,"minecraft:total_world_time":145454,"minecraft:fall_one_cm":59246},"minecraft:mined":{"winterly:raw_cryomarble_shard":6,"techreborn:deepslate_bauxite_ore":4,"regions_unexplored:blue_lupine":1,"modern_industrialization:deepslate_tungsten_ore":1,"regions_unexplored:red_lupine":2,"soulsweapons:verglas_ore_deepslate":1,"create_new_age:magnetite_block":1,"techreborn:deepslate_tin_ore":2,"minecraft:grass_block":1,"minecraft:chest":1,"modern_industrialization:nickel_ore":3,"modern_industrialization:lignite_coal_ore":1,"minecraft:copper_ore":2,"minecraft:deepslate_gold_ore":9,"minecraft:spruce_leaves":1,"minecraft:lapis_ore":1,"powah:deepslate_uraninite_ore_poor":1,"techreborn:tin_ore":3,"modern_industrialization:deepslate_uranium_ore":1,"supplementaries:urn":4,"modern_industrialization:tungsten_ore":2,"minecraft:iron_ore":71,"minecraft:sweet_berry_bush":7,"indrev:deepslate_nikolite_ore":2,"treechop:chopped_log":4,"minecraft:anvil":2,"minecraft:grass":1,"soulsweapons:moonstone_ore_deepslate":9,"minecraft:coal_ore":23,"minecraft:deepslate_iron_ore":2,"minecraft:gravel":4,"powah:uraninite_ore_poor":3,"bewitchment:deepslate_salt_ore":1,"minecraft:stone":33,"minecraft:gold_ore":1,"minecraft:deepslate":79,"soulsweapons:verglas_ore":1},"minecraft:killed":{"minecraft:spider":3,"minecraft:creeper":2,"naturalist:boar":1,"minecraft:skeleton":7,"minecraft:zombie":21,"artifacts:mimic":2},"minecraft:killed_by":{"minecraft:spider":1,"minecraft:zombie":1},"minecraft:picked_up":{"minecraft:wooden_axe":2,"techreborn:raw_tin":5,"modern_industrialization:lignite_coal":1,"minecraft:anvil":2,"minecraft:wooden_pickaxe":1,"soulsweapons:moonstone":9,"minecraft:flint":1,"regions_unexplored:red_lupine":3,"minecraft:shield":1,"artifacts:cloud_in_a_bottle":1,"minecraft:dirt":4,"minecraft:string":2,"minecraft:raw_copper":5,"minecraft:apple":1,"minecraft:cobbled_deepslate":67,"create_new_age:magnetite_block":1,"minecraft:wheat_seeds":1,"minecraft:raw_gold":10,"ftbquests:book":1,"modern_industrialization:raw_uranium":1,"techreborn:deepslate_bauxite_ore":4,"twigs:twig":8,"minecraft:chest":1,"minecraft:stick":6,"minecraft:raw_iron":69,"minecraft:sweet_berries":15,"regions_unexplored:blue_lupine":1,"minecraft:porkchop":2,"powah:uraninite_raw":4,"minecraft:spruce_sapling":4,"minecraft:spruce_log":18,"winterly:cryomarble_shard":9,"minecraft:spider_eye":1,"minecraft:rotten_flesh":11,"modern_industrialization:raw_nickel":3,"regions_unexplored:maple_sapling":5,"immersive_armors:robe_leggings":1,"archon:thunder_strike_tome":1,"regions_unexplored:maple_log":18,"mcda:emerald_gear_helmet":1,"soulsweapons:verglas":2,"supplementaries:ash":3,"minecraft:coal":17,"minecraft:cobblestone":40}},"DataVersion":3465}