{"stats":{"minecraft:broken":{"minecraft:stone_pickaxe":1,"minecraft:iron_axe":1,"minecraft:wooden_sword":1,"minecraft:wooden_axe":1},"minecraft:dropped":{"minecraft:iron_ingot":1,"minecraft:bread":1,"minecraft:mutton":5,"minecraft:cauldron":1,"minecraft:gravel":1,"minecraft:sweet_berries":1,"minecraft:cobblestone_wall":1,"minecraft:grindstone":3,"minecraft:poppy":1,"minecraft:spruce_trapdoor":4,"minecraft:iron_chestplate":2,"minecraft:arrow":2},"minecraft:picked_up":{"minecraft:wooden_axe":1,"minecraft:crafting_table":1,"minecraft:iron_chestplate":1,"minecraft:wheat":7,"minecraft:wooden_sword":1,"minecraft:cartography_table":1,"minecraft:gold_nugget":26,"minecraft:spruce_planks":3,"minecraft:beef":13,"minecraft:iron_nugget":4,"minecraft:poppy":1,"minecraft:spruce_trapdoor":6,"minecraft:stick":35,"minecraft:torch":4,"minecraft:porkchop":3,"minecraft:redstone":74,"minecraft:cauldron":2,"minecraft:rotten_flesh":8,"minecraft:mutton":10,"minecraft:obsidian":3,"minecraft:white_wool":8,"minecraft:cobblestone":68,"minecraft:leather":3,"minecraft:smoker":1,"minecraft:potato":9,"minecraft:flint":4,"minecraft:oak_log":20,"minecraft:cobblestone_wall":2,"minecraft:blue_bed":4,"minecraft:dirt":162,"minecraft:stonecutter":1,"minecraft:wheat_seeds":24,"minecraft:grindstone":3,"minecraft:iron_ingot":14,"minecraft:stone_pickaxe":1,"minecraft:iron_ore":5,"minecraft:fletching_table":2,"minecraft:oak_planks":27,"minecraft:sweet_berries":13,"minecraft:quartz":22,"minecraft:gravel":73,"minecraft:spruce_sapling":41,"minecraft:spruce_log":259,"minecraft:mossy_cobblestone":2,"minecraft:purple_bed":7,"minecraft:diamond":34,"minecraft:spruce_boat":5,"minecraft:bread":1,"minecraft:oak_sapling":1,"minecraft:netherrack":29,"minecraft:coal":16},"minecraft:killed_by":{"minecraft:iron_golem":1,"minecraft:skeleton":2,"minecraft:zombie":1},"minecraft:used":{"minecraft:iron_shovel":69,"minecraft:flint_and_steel":17,"minecraft:spruce_slab":4,"minecraft:chest":4,"minecraft:shield":1,"minecraft:wooden_shovel":52,"minecraft:rotten_flesh":7,"minecraft:torch":4,"minecraft:dirt":88,"minecraft:mutton":3,"minecraft:obsidian":12,"minecraft:spruce_boat":5,"minecraft:iron_hoe":1,"minecraft:wooden_axe":36,"minecraft:iron_axe":346,"minecraft:beef":6,"minecraft:sweet_berries":14,"minecraft:oak_sapling":1,"minecraft:furnace":1,"minecraft:cooked_beef":1,"minecraft:wheat_seeds":1,"minecraft:cooked_mutton":1,"minecraft:water_bucket":4,"minecraft:stone_pickaxe":33,"minecraft:oak_planks":9,"minecraft:wooden_pickaxe":3,"minecraft:cauldron":2,"minecraft:blue_bed":4,"minecraft:fletching_table":3,"minecraft:white_wool":1,"minecraft:crafting_table":6,"minecraft:white_bed":2,"minecraft:diamond_pickaxe":267,"minecraft:bread":12,"minecraft:iron_pickaxe":13,"minecraft:spruce_trapdoor":14,"minecraft:spruce_sapling":1,"minecraft:gravel":72,"minecraft:stone_axe":8,"minecraft:wooden_sword":23,"minecraft:cobblestone":11,"minecraft:purple_bed":7,"minecraft:porkchop":3,"minecraft:grindstone":1,"minecraft:bucket":6,"minecraft:oak_boat":2},"minecraft:custom":{"minecraft:mob_kills":25,"minecraft:interact_with_crafting_table":37,"minecraft:leave_game":18,"minecraft:time_since_death":15357,"minecraft:climb_one_cm":315,"minecraft:sprint_one_cm":233087,"minecraft:walk_one_cm":805632,"minecraft:damage_blocked_by_shield":40,"minecraft:drop":18,"minecraft:talked_to_villager":29,"minecraft:deaths":5,"minecraft:sneak_time":901,"minecraft:walk_under_water_one_cm":6086,"minecraft:boat_one_cm":410318,"minecraft:jump":2856,"minecraft:interact_with_blast_furnace":1,"minecraft:walk_on_water_one_cm":22587,"minecraft:interact_with_furnace":10,"minecraft:traded_with_villager":22,"minecraft:interact_with_cartography_table":1,"minecraft:play_one_minute":183103,"minecraft:sleep_in_bed":11,"minecraft:time_since_rest":11097,"minecraft:damage_taken":2269,"minecraft:damage_dealt":5623,"minecraft:swim_one_cm":12158,"minecraft:fly_one_cm":220805,"minecraft:open_chest":16,"minecraft:crouch_one_cm":3587,"minecraft:fall_one_cm":51546},"minecraft:mined":{"minecraft:nether_gold_ore":22,"minecraft:mossy_cobblestone":2,"minecraft:obsidian":3,"minecraft:spruce_trapdoor":2,"minecraft:granite":1,"minecraft:grass_block":13,"minecraft:spruce_leaves":88,"minecraft:cartography_table":1,"minecraft:large_fern":1,"minecraft:magma_block":33,"minecraft:redstone_ore":9,"minecraft:iron_ore":5,"minecraft:fire":5,"minecraft:fletching_table":2,"minecraft:potatoes":4,"minecraft:stone":138,"minecraft:white_wool":1,"minecraft:smoker":1,"minecraft:crafting_table":1,"minecraft:torch":2,"minecraft:nether_quartz_ore":23,"minecraft:cobblestone":1,"minecraft:grindstone":3,"minecraft:oak_planks":9,"minecraft:diorite":22,"minecraft:blue_bed":4,"minecraft:cauldron":1,"minecraft:purple_bed":7,"minecraft:cobblestone_wall":1,"minecraft:wheat":7,"minecraft:sweet_berry_bush":12,"minecraft:spruce_log":267,"minecraft:grass_path":7,"minecraft:grass":5,"minecraft:oak_log":20,"minecraft:coal_ore":16,"minecraft:gravel":77,"minecraft:dirt":139,"minecraft:stonecutter":1,"minecraft:netherrack":32,"minecraft:oak_leaves":6,"minecraft:fern":4},"minecraft:killed":{"minecraft:skeleton":1,"minecraft:piglin":2,"minecraft:pig":2,"minecraft:iron_golem":3,"minecraft:sheep":5,"minecraft:zombie":5,"minecraft:cow":7},"minecraft:crafted":{"minecraft:oak_planks":80,"minecraft:furnace":1,"minecraft:cooked_mutton":2,"minecraft:flint_and_steel":1,"minecraft:iron_axe":3,"minecraft:iron_hoe":1,"minecraft:spruce_slab":6,"minecraft:stone_pickaxe":1,"minecraft:chest":37,"minecraft:spruce_boat":1,"minecraft:cooked_beef":7,"minecraft:wooden_shovel":1,"minecraft:emerald":22,"minecraft:cauldron":1,"minecraft:crafting_table":5,"minecraft:spruce_planks":701,"minecraft:wooden_pickaxe":1,"minecraft:fletching_table":1,"minecraft:bucket":2,"minecraft:stone_axe":1,"minecraft:air":0,"minecraft:oak_boat":2,"minecraft:spruce_trapdoor":14,"minecraft:stick":700,"minecraft:iron_ingot":86,"minecraft:iron_pickaxe":1,"minecraft:wooden_axe":1,"minecraft:iron_shovel":1,"minecraft:white_bed":2}},"DataVersion":2586}