{"stats":{"minecraft:crafted":{"minecraft:cooked_beef":7,"minecraft:oak_boat":1,"minecraft:oak_planks":60,"minecraft:crafting_table":2,"minecraft:stick":8,"minecraft:wooden_pickaxe":1,"minecraft:stone_pickaxe":1,"minecraft:furnace":1,"minecraft:stone_axe":1,"minecraft:cooked_mutton":2},"minecraft:killed_by":{"minecraft:skeleton":2,"minecraft:zombie":1},"minecraft:picked_up":{"minecraft:crafting_table":1,"minecraft:leather":2,"minecraft:porkchop":3,"minecraft:oak_log":20,"minecraft:wooden_sword":1,"minecraft:rotten_flesh":3,"minecraft:beef":13,"minecraft:oak_sapling":1,"minecraft:coal":16,"minecraft:mutton":3,"minecraft:white_wool":3,"minecraft:cobblestone":17},"minecraft:used":{"minecraft:cooked_mutton":1,"minecraft:stone_pickaxe":30,"minecraft:wooden_pickaxe":3,"minecraft:rotten_flesh":2,"minecraft:stone_axe":8,"minecraft:white_wool":1,"minecraft:wooden_sword":18,"minecraft:cobblestone":3,"minecraft:mutton":1,"minecraft:beef":4,"minecraft:crafting_table":2,"minecraft:furnace":1,"minecraft:oak_sapling":1,"minecraft:porkchop":3,"minecraft:oak_boat":1,"minecraft:cooked_beef":1},"minecraft:mined":{"minecraft:crafting_table":1,"minecraft:grass":1,"minecraft:oak_log":20,"minecraft:coal_ore":16,"minecraft:stone":17,"minecraft:white_wool":1,"minecraft:oak_leaves":6},"minecraft:killed":{"minecraft:sheep":2,"minecraft:skeleton":1,"minecraft:zombie":4,"minecraft:pig":2,"minecraft:cow":7},"minecraft:custom":{"minecraft:time_since_rest":31847,"minecraft:interact_with_furnace":5,"minecraft:sprint_one_cm":32716,"minecraft:damage_taken":1151,"minecraft:walk_one_cm":200720,"minecraft:mob_kills":16,"minecraft:damage_dealt":1929,"minecraft:swim_one_cm":12158,"minecraft:interact_with_crafting_table":8,"minecraft:fly_one_cm":62352,"minecraft:play_one_minute":51126,"minecraft:crouch_one_cm":350,"minecraft:deaths":3,"minecraft:sneak_time":30,"minecraft:walk_under_water_one_cm":2911,"minecraft:boat_one_cm":400174,"minecraft:jump":953,"minecraft:leave_game":3,"minecraft:time_since_death":31823,"minecraft:walk_on_water_one_cm":11812,"minecraft:fall_one_cm":20743}},"DataVersion":2586}