{"stats":{"minecraft:dropped":{"minecraft:gravel":1,"minecraft:iron_ingot":1,"minecraft:bread":1,"minecraft:sweet_berries":1,"minecraft:poppy":1,"minecraft:iron_chestplate":2,"minecraft:mutton":2},"minecraft:broken":{"minecraft:stone_pickaxe":1,"minecraft:iron_axe":1,"minecraft:wooden_sword":1,"minecraft:wooden_axe":1},"minecraft:picked_up":{"minecraft:wooden_axe":1,"minecraft:crafting_table":1,"minecraft:iron_chestplate":1,"minecraft:wheat":7,"minecraft:leather":3,"minecraft:potato":9,"minecraft:flint":2,"minecraft:oak_log":20,"minecraft:cobblestone_wall":1,"minecraft:dirt":93,"minecraft:blue_bed":2,"minecraft:wooden_sword":1,"minecraft:wheat_seeds":23,"minecraft:iron_ingot":14,"minecraft:beef":13,"minecraft:stone_pickaxe":1,"minecraft:iron_nugget":4,"minecraft:poppy":1,"minecraft:fletching_table":2,"minecraft:oak_planks":27,"minecraft:spruce_trapdoor":2,"minecraft:stick":21,"minecraft:sweet_berries":13,"minecraft:torch":3,"minecraft:gravel":17,"minecraft:porkchop":3,"minecraft:spruce_sapling":41,"minecraft:spruce_log":229,"minecraft:mossy_cobblestone":2,"minecraft:purple_bed":4,"minecraft:rotten_flesh":5,"minecraft:diamond":34,"minecraft:spruce_boat":5,"minecraft:bread":1,"minecraft:oak_sapling":1,"minecraft:mutton":10,"minecraft:coal":16,"minecraft:white_wool":8,"minecraft:cobblestone":17},"minecraft:killed_by":{"minecraft:skeleton":2,"minecraft:zombie":1,"minecraft:iron_golem":1},"minecraft:used":{"minecraft:water_bucket":1,"minecraft:stone_pickaxe":33,"minecraft:spruce_slab":4,"minecraft:oak_planks":9,"minecraft:chest":4,"minecraft:wooden_pickaxe":3,"minecraft:wooden_shovel":52,"minecraft:blue_bed":2,"minecraft:fletching_table":3,"minecraft:rotten_flesh":4,"minecraft:white_wool":1,"minecraft:torch":3,"minecraft:dirt":41,"minecraft:mutton":1,"minecraft:crafting_table":6,"minecraft:white_bed":1,"minecraft:wooden_axe":36,"minecraft:spruce_boat":5,"minecraft:iron_axe":293,"minecraft:bread":9,"minecraft:spruce_trapdoor":14,"minecraft:spruce_sapling":1,"minecraft:gravel":16,"minecraft:stone_axe":8,"minecraft:purple_bed":4,"minecraft:wooden_sword":23,"minecraft:cobblestone":3,"minecraft:beef":6,"minecraft:sweet_berries":14,"minecraft:oak_sapling":1,"minecraft:furnace":1,"minecraft:porkchop":3,"minecraft:bucket":3,"minecraft:oak_boat":2,"minecraft:cooked_beef":1,"minecraft:cooked_mutton":1},"minecraft:custom":{"minecraft:interact_with_furnace":7,"minecraft:mob_kills":23,"minecraft:interact_with_crafting_table":27,"minecraft:interact_with_cartography_table":1,"minecraft:play_one_minute":127695,"minecraft:leave_game":7,"minecraft:time_since_death":64483,"minecraft:sleep_in_bed":5,"minecraft:climb_one_cm":315,"minecraft:time_since_rest":13446,"minecraft:sprint_one_cm":159529,"minecraft:damage_taken":1866,"minecraft:walk_one_cm":582657,"minecraft:drop":9,"minecraft:damage_dealt":5356,"minecraft:swim_one_cm":12158,"minecraft:fly_one_cm":149457,"minecraft:talked_to_villager":11,"minecraft:open_chest":7,"minecraft:crouch_one_cm":1342,"minecraft:deaths":4,"minecraft:sneak_time":438,"minecraft:walk_under_water_one_cm":5434,"minecraft:boat_one_cm":410318,"minecraft:jump":2201,"minecraft:interact_with_blast_furnace":1,"minecraft:walk_on_water_one_cm":17885,"minecraft:fall_one_cm":39770},"minecraft:mined":{"minecraft:mossy_cobblestone":2,"minecraft:spruce_trapdoor":2,"minecraft:crafting_table":1,"minecraft:torch":2,"minecraft:grass_block":12,"minecraft:spruce_leaves":77,"minecraft:oak_planks":9,"minecraft:blue_bed":2,"minecraft:large_fern":1,"minecraft:purple_bed":4,"minecraft:cobblestone_wall":1,"minecraft:wheat":7,"minecraft:sweet_berry_bush":7,"minecraft:spruce_log":236,"minecraft:fletching_table":2,"minecraft:grass_path":6,"minecraft:grass":3,"minecraft:potatoes":4,"minecraft:oak_log":20,"minecraft:coal_ore":16,"minecraft:gravel":19,"minecraft:dirt":72,"minecraft:stone":17,"minecraft:white_wool":1,"minecraft:oak_leaves":6,"minecraft:fern":4},"minecraft:killed":{"minecraft:pig":2,"minecraft:iron_golem":3,"minecraft:sheep":5,"minecraft:skeleton":1,"minecraft:zombie":5,"minecraft:cow":7},"minecraft:crafted":{"minecraft:cooked_beef":7,"minecraft:oak_planks":80,"minecraft:wooden_shovel":1,"minecraft:crafting_table":5,"minecraft:spruce_planks":360,"minecraft:wooden_pickaxe":1,"minecraft:furnace":1,"minecraft:fletching_table":1,"minecraft:bucket":2,"minecraft:stone_axe":1,"minecraft:cooked_mutton":2,"minecraft:oak_boat":2,"minecraft:spruce_trapdoor":14,"minecraft:iron_axe":3,"minecraft:spruce_slab":6,"minecraft:iron_hoe":1,"minecraft:stick":16,"minecraft:iron_ingot":86,"minecraft:stone_pickaxe":1,"minecraft:iron_pickaxe":1,"minecraft:wooden_axe":1,"minecraft:chest":37,"minecraft:iron_shovel":1,"minecraft:white_bed":1,"minecraft:spruce_boat":1}},"DataVersion":2586}