{"stats":{"minecraft:broken":{"minecraft:wooden_sword":1,"minecraft:wooden_axe":1},"minecraft:dropped":{"minecraft:bread":1,"minecraft:iron_ingot":1,"minecraft:sweet_berries":1,"minecraft:poppy":1,"minecraft:iron_chestplate":2,"minecraft:mutton":2},"minecraft:picked_up":{"minecraft:wooden_axe":1,"minecraft:iron_chestplate":1,"minecraft:crafting_table":1,"minecraft:leather":3,"minecraft:flint":1,"minecraft:oak_log":20,"minecraft:cobblestone_wall":1,"minecraft:blue_bed":2,"minecraft:dirt":90,"minecraft:wooden_sword":1,"minecraft:iron_ingot":14,"minecraft:beef":13,"minecraft:stone_pickaxe":1,"minecraft:iron_nugget":4,"minecraft:poppy":1,"minecraft:oak_planks":20,"minecraft:spruce_trapdoor":2,"minecraft:stick":2,"minecraft:sweet_berries":9,"minecraft:torch":3,"minecraft:gravel":12,"minecraft:porkchop":3,"minecraft:spruce_sapling":4,"minecraft:spruce_log":66,"minecraft:purple_bed":4,"minecraft:rotten_flesh":5,"minecraft:diamond":34,"minecraft:spruce_boat":5,"minecraft:bread":1,"minecraft:oak_sapling":1,"minecraft:mutton":9,"minecraft:coal":16,"minecraft:white_wool":7,"minecraft:cobblestone":17},"minecraft:killed_by":{"minecraft:skeleton":2,"minecraft:zombie":1,"minecraft:iron_golem":1},"minecraft:used":{"minecraft:cooked_mutton":1,"minecraft:spruce_slab":4,"minecraft:stone_pickaxe":31,"minecraft:oak_planks":9,"minecraft:wooden_pickaxe":3,"minecraft:wooden_shovel":39,"minecraft:blue_bed":2,"minecraft:rotten_flesh":4,"minecraft:white_wool":1,"minecraft:torch":3,"minecraft:dirt":18,"minecraft:mutton":1,"minecraft:crafting_table":6,"minecraft:white_bed":1,"minecraft:spruce_boat":5,"minecraft:wooden_axe":36,"minecraft:iron_axe":60,"minecraft:bread":7,"minecraft:spruce_trapdoor":14,"minecraft:gravel":12,"minecraft:spruce_sapling":1,"minecraft:stone_axe":8,"minecraft:wooden_sword":23,"minecraft:cobblestone":3,"minecraft:beef":6,"minecraft:purple_bed":4,"minecraft:sweet_berries":14,"minecraft:oak_sapling":1,"minecraft:furnace":1,"minecraft:porkchop":3,"minecraft:bucket":2,"minecraft:oak_boat":2,"minecraft:cooked_beef":1},"minecraft:custom":{"minecraft:interact_with_furnace":7,"minecraft:mob_kills":22,"minecraft:interact_with_cartography_table":1,"minecraft:interact_with_crafting_table":23,"minecraft:play_one_minute":104653,"minecraft:leave_game":4,"minecraft:time_since_death":41441,"minecraft:sleep_in_bed":4,"minecraft:climb_one_cm":315,"minecraft:time_since_rest":3794,"minecraft:sprint_one_cm":124339,"minecraft:damage_taken":1817,"minecraft:walk_one_cm":455301,"minecraft:drop":8,"minecraft:damage_dealt":5276,"minecraft:talked_to_villager":9,"minecraft:swim_one_cm":12158,"minecraft:fly_one_cm":123571,"minecraft:open_chest":4,"minecraft:crouch_one_cm":1342,"minecraft:deaths":4,"minecraft:sneak_time":438,"minecraft:walk_under_water_one_cm":3876,"minecraft:boat_one_cm":410318,"minecraft:jump":1852,"minecraft:walk_on_water_one_cm":14622,"minecraft:fall_one_cm":35231},"minecraft:mined":{"minecraft:torch":2,"minecraft:crafting_table":1,"minecraft:spruce_trapdoor":2,"minecraft:grass_block":12,"minecraft:spruce_leaves":27,"minecraft:oak_planks":1,"minecraft:blue_bed":2,"minecraft:purple_bed":4,"minecraft:cobblestone_wall":1,"minecraft:sweet_berry_bush":3,"minecraft:spruce_log":67,"minecraft:grass_path":6,"minecraft:grass":1,"minecraft:gravel":13,"minecraft:coal_ore":16,"minecraft:oak_log":20,"minecraft:dirt":69,"minecraft:stone":17,"minecraft:white_wool":1,"minecraft:oak_leaves":6,"minecraft:fern":1},"minecraft:killed":{"minecraft:pig":2,"minecraft:iron_golem":3,"minecraft:sheep":4,"minecraft:skeleton":1,"minecraft:zombie":5,"minecraft:cow":7},"minecraft:crafted":{"minecraft:cooked_beef":7,"minecraft:oak_planks":80,"minecraft:wooden_shovel":1,"minecraft:crafting_table":5,"minecraft:spruce_planks":60,"minecraft:wooden_pickaxe":1,"minecraft:furnace":1,"minecraft:bucket":2,"minecraft:stone_axe":1,"minecraft:cooked_mutton":2,"minecraft:oak_boat":2,"minecraft:spruce_trapdoor":14,"minecraft:iron_axe":2,"minecraft:spruce_slab":6,"minecraft:stick":16,"minecraft:iron_ingot":43,"minecraft:stone_pickaxe":1,"minecraft:wooden_axe":1,"minecraft:white_bed":1,"minecraft:spruce_boat":1}},"DataVersion":2586}