{"stats":{"minecraft:used":{"minecraft:apple":1,"regions_unexplored:maple_sapling":5,"minecraft:chest":1,"minecraft:wooden_pickaxe":6,"minecraft:spruce_sapling":4,"minecraft:stone_axe":25,"minecraft:dirt":1,"minecraft:cobblestone":1,"minecraft:crafting_table":2},"minecraft:dropped":{"minecraft:dirt":1},"minecraft:mined":{"regions_unexplored:blue_lupine":1,"treechop:chopped_log":4,"minecraft:grass":1,"minecraft:grass_block":1,"minecraft:chest":1,"minecraft:gravel":1,"minecraft:spruce_leaves":1,"minecraft:stone":5},"minecraft:picked_up":{"minecraft:stick":6,"regions_unexplored:blue_lupine":1,"minecraft:flint":1,"minecraft:spruce_sapling":4,"minecraft:spruce_log":18,"minecraft:dirt":2,"minecraft:rotten_flesh":2,"minecraft:apple":1,"regions_unexplored:maple_sapling":5,"minecraft:wheat_seeds":1,"archon:thunder_strike_tome":1,"regions_unexplored:maple_log":18,"twigs:twig":7,"minecraft:chest":1,"minecraft:cobblestone":4},"minecraft:crafted":{"ironchests:blank_chest_upgrade":1,"minecraft:crafting_table":2,"regions_unexplored:maple_planks":36,"minecraft:wooden_pickaxe":1,"minecraft:chest":1,"minecraft:stone_axe":1},"minecraft:custom":{"minecraft:time_since_rest":1867,"minecraft:sprint_one_cm":18229,"minecraft:walk_one_cm":56138,"minecraft:mob_kills":1,"minecraft:drop":1,"minecraft:damage_dealt":63,"minecraft:interact_with_crafting_table":9,"minecraft:fly_one_cm":21455,"minecraft:open_chest":1,"minecraft:play_time":30155,"minecraft:jump":138,"minecraft:walk_on_water_one_cm":135,"minecraft:leave_game":1,"minecraft:time_since_death":30155,"minecraft:sleep_in_bed":2,"minecraft:total_world_time":30155,"minecraft:hex":0,"minecraft:fall_one_cm":3762}},"DataVersion":3465}