{"stats":{"minecraft:crafted":{"regions_unexplored:maple_planks":72,"minecraft:furnace":1,"ironchests:blank_chest_upgrade":1,"minecraft:stone_pickaxe":1,"mcdw:sword_broadsword":1,"minecraft:chest":1,"soulsweapons:bluemoon_shortsword":2,"minecraft:crafting_table":6,"minecraft:wooden_pickaxe":1,"minecraft:iron_sword":1,"minecraft:stone_axe":1,"minecraft:air":0,"minecraft:iron_chestplate":1,"minecraft:diamond_pickaxe":1,"minecraft:stick":18,"minecraft:iron_ingot":78,"minecraft:iron_pickaxe":1,"minecraft:iron_block":2,"minecraft:gold_ingot":30,"minecraft:torch":24,"mcdw:sword_claymore":1},"minecraft:used":{"mcdw:sword_claymore":34,"minecraft:stone_sword":84,"minecraft:chest":2,"minecraft:shield":77,"minecraft:rotten_flesh":21,"minecraft:iron_chestplate":1,"regions_unexplored:maple_planks":17,"minecraft:torch":25,"minecraft:dirt":1,"minecraft:anvil":1,"twigs:rhyolite":4,"regions_unexplored:maple_sapling":5,"minecraft:sweet_berries":15,"minecraft:furnace":1,"minecraft:cobbled_deepslate":94,"minecraft:stone_pickaxe":106,"minecraft:wooden_pickaxe":10,"soulsweapons:bluemoon_shortsword":85,"minecraft:crafting_table":6,"simplyswords:mjolnir":78,"minecraft:diamond_pickaxe":192,"minecraft:apple":1,"minecraft:bread":12,"minecraft:iron_pickaxe":500,"minecraft:spruce_sapling":4,"minecraft:stone_axe":32,"minecraft:cobblestone":18,"minecraft:porkchop":2},"minecraft:dropped":{"minecraft:wheat_seeds":1,"ironchests:blank_chest_upgrade":2,"minecraft:cobblestone":8,"minecraft:stick":1,"minecraft:dirt":3,"minecraft:wooden_axe":1,"modern_industrialization:raw_uranium":1,"minecraft:iron_shovel":1,"minecraft:string":4,"ftbquests:book":1,"powah:uraninite_raw":4,"twigs:twig":1,"minecraft:gravel":7,"minecraft:cobbled_deepslate":93,"soulsweapons:moonstone":1,"minecraft:rotten_flesh":2,"winterly:cryomarble_shard":3,"supplementaries:ash":3,"regions_unexplored:red_lupine":3,"minecraft:shield":1,"minecraft:gunpowder":2,"minecraft:stone_pickaxe":1,"minecraft:wooden_pickaxe":2,"regions_unexplored:blue_lupine":1,"soulsweapons:bluemoon_shortsword":1},"minecraft:custom":{"lootr:looted_stat":27,"minecraft:mob_kills":70,"minecraft:interact_with_anvil":1,"minecraft:interact_with_crafting_table":28,"minecraft:damage_dealt_resisted":0,"minecraft:leave_game":2,"minecraft:time_since_death":46412,"minecraft:climb_one_cm":2544,"minecraft:damage_resisted":8,"minecraft:sprint_one_cm":362895,"minecraft:walk_one_cm":765129,"minecraft:damage_blocked_by_shield":2341,"minecraft:drop":43,"minecraft:talked_to_villager":5,"minecraft:play_time":235454,"minecraft:deaths":5,"minecraft:sneak_time":3874,"minecraft:walk_under_water_one_cm":11015,"minecraft:jump":2876,"minecraft:interact_with_blast_furnace":1,"minecraft:walk_on_water_one_cm":6556,"minecraft:total_world_time":235454,"minecraft:interact_with_furnace":17,"minecraft:interact_with_cartography_table":6,"minecraft:sleep_in_bed":9,"minecraft:hex":0,"minecraft:time_since_rest":27252,"minecraft:damage_taken":2057,"minecraft:damage_dealt":15764,"minecraft:swim_one_cm":2684,"minecraft:fly_one_cm":379363,"minecraft:open_chest":5,"minecraft:crouch_one_cm":15157,"minecraft:threat":6,"minecraft:interact_with_smoker":3,"minecraft:fall_one_cm":110617},"minecraft:mined":{"winterly:raw_cryomarble_shard":15,"powah:deepslate_uraninite_ore":1,"minecraft:tuff":22,"regions_unexplored:blue_lupine":1,"minecraft:deepslate_diamond_ore":34,"minecraft:grass_block":1,"modern_industrialization:lignite_coal_ore":1,"indrev:deepslate_lead_ore":2,"minecraft:spruce_leaves":1,"modern_industrialization:tungsten_ore":2,"minecraft:fire":3,"minecraft:iron_ore":71,"minecraft:cobbled_deepslate":2,"treechop:chopped_log":4,"minecraft:deepslate_lapis_ore":2,"minecraft:anvil":2,"indrev:deepslate_nikolite_ore":2,"minecraft:gold_block":1,"soulsweapons:moonstone_ore_deepslate":57,"minecraft:vine":7,"minecraft:deepslate_iron_ore":2,"powah:uraninite_ore_poor":3,"modern_industrialization:deepslate_nickel_ore":1,"regions_unexplored:ash_vent":1,"minecraft:stone":33,"bewitchment:deepslate_salt_ore":1,"techreborn:deepslate_bauxite_ore":6,"modern_industrialization:deepslate_tungsten_ore":1,"regions_unexplored:red_lupine":2,"soulsweapons:verglas_ore_deepslate":1,"minecraft:basalt":4,"create_new_age:magnetite_block":1,"minecraft:torch":1,"techreborn:deepslate_tin_ore":2,"minecraft:chest":1,"modern_industrialization:nickel_ore":3,"minecraft:copper_ore":2,"minecraft:lapis_ore":1,"minecraft:deepslate_gold_ore":66,"modern_industrialization:deepslate_lignite_coal_ore":2,"powah:deepslate_uraninite_ore_poor":1,"techreborn:tin_ore":3,"supplementaries:urn":4,"modern_industrialization:deepslate_uranium_ore":1,"jewelry:deepslate_gem_vein":2,"minecraft:sweet_berry_bush":7,"minecraft:tnt":1,"minecraft:grass":1,"minecraft:coal_ore":23,"archon:earth_node":2,"minecraft:gravel":30,"minecraft:cobweb":4,"twigs:rhyolite":10,"minecraft:stone_bricks":5,"minecraft:gold_ore":1,"minecraft:deepslate":393,"soulsweapons:verglas_ore":1},"minecraft:killed":{"minecraft:spider":4,"naturalist:boar":1,"minecraft:skeleton":14,"artifacts:mimic":4,"minecraft:zombie_villager":1,"mutantmonsters:mutant_skeleton":1,"minecraft:creeper":5,"minecraft:pillager":1,"minecraft:zombie":37},"minecraft:broken":{"immersive_armors:robe_leggings":1,"minecraft:iron_pickaxe":2},"minecraft:killed_by":{"minecraft:spider":1,"minecraft:zombie":1},"minecraft:picked_up":{"minecraft:wooden_axe":2,"techreborn:raw_tin":5,"modern_industrialization:lignite_coal":3,"minecraft:anvil":2,"minecraft:wooden_pickaxe":1,"soulsweapons:moonstone":58,"minecraft:gold_block":1,"minecraft:shield":1,"minecraft:string":4,"minecraft:raw_copper":5,"techreborn:raw_silver":2,"minecraft:cobbled_deepslate":251,"modern_industrialization:raw_uranium":1,"minecraft:chest":1,"minecraft:raw_iron":69,"minecraft:stick":6,"minecraft:torch":1,"regions_unexplored:blue_lupine":1,"minecraft:porkchop":2,"minecraft:tnt":1,"minecraft:rotten_flesh":26,"jewelry:ruby":1,"regions_unexplored:maple_sapling":5,"immersive_armors:robe_leggings":1,"archon:thunder_strike_tome":1,"mcda:emerald_gear_helmet":1,"supplementaries:ash":3,"minecraft:cobblestone":40,"minecraft:flint":1,"regions_unexplored:red_lupine":3,"minecraft:gunpowder":2,"artifacts:cloud_in_a_bottle":1,"minecraft:dirt":4,"jewelry:tanzanite":1,"minecraft:apple":1,"minecraft:wheat_seeds":1,"minecraft:raw_gold":67,"create_new_age:magnetite_block":1,"ftbquests:book":1,"techreborn:deepslate_bauxite_ore":6,"twigs:twig":8,"minecraft:sweet_berries":15,"minecraft:gravel":7,"powah:uraninite_raw":4,"minecraft:spruce_sapling":4,"minecraft:spruce_log":18,"winterly:cryomarble_shard":18,"minecraft:spider_eye":2,"modern_industrialization:raw_nickel":4,"minecraft:diamond":34,"regions_unexplored:maple_log":18,"soulsweapons:verglas":2,"twigs:rhyolite":4,"minecraft:coal":17}},"DataVersion":3465}