{"stats":{"minecraft:crafted":{"minecells:cell_infused_steel":4,"comforts:sleeping_bag_white":1,"regions_unexplored:maple_planks":72,"minecraft:furnace":1,"travelersbackpack:diamond":1,"minecraft:bookshelf":5,"ironchests:blank_chest_upgrade":1,"minecraft:iron_boots":1,"minecraft:stone_pickaxe":1,"mcdw:sword_broadsword":1,"minecraft:chest":2,"soulsweapons:moonstone_block":5,"soulsweapons:bluemoon_shortsword":2,"minecraft:crafting_table":13,"minecraft:spruce_planks":72,"minecraft:wooden_pickaxe":1,"travelersbackpack:standard":1,"minecraft:iron_sword":1,"minecraft:stone_axe":1,"minecraft:air":0,"minecraft:white_wool":5,"minecraft:iron_chestplate":1,"minecraft:diamond_pickaxe":2,"minecraft:stick":26,"minecraft:iron_ingot":78,"minecraft:iron_pickaxe":1,"minecraft:iron_block":5,"minecraft:iron_leggings":1,"minecraft:gold_ingot":39,"minecraft:anvil":1,"minecraft:torch":24,"mcdw:sword_claymore":1,"minecraft:diamond_chestplate":1},"minecraft:used":{"mcdw:sword_claymore":36,"minecraft:stone_sword":84,"minecraft:chest":2,"minecraft:shield":82,"travelersbackpack:diamond":4,"minecraft:rotten_flesh":61,"minecraft:iron_chestplate":1,"regions_unexplored:maple_planks":21,"minecraft:torch":25,"minecraft:dirt":1,"minecraft:anvil":4,"twigs:rhyolite":4,"minecraft:iron_axe":36,"regions_unexplored:maple_sapling":5,"minecells:broadsword":319,"minecraft:iron_boots":2,"minecells:guts":3,"minecraft:basalt":37,"minecraft:diamond_chestplate":1,"minecraft:bow":4,"simplyswords:iron_scythe":21,"minecraft:sweet_berries":15,"minecraft:furnace":1,"minecraft:cobbled_deepslate":195,"minecraft:iron_leggings":2,"minecraft:stone_pickaxe":106,"minecraft:wooden_pickaxe":10,"soulsweapons:bluemoon_shortsword":161,"minecraft:crafting_table":13,"simplyswords:mjolnir":85,"minecraft:diamond_pickaxe":546,"minecraft:apple":1,"minecraft:bread":23,"minecraft:iron_pickaxe":500,"minecraft:spruce_sapling":4,"minecraft:stone_axe":32,"minecraft:enchanted_book":2,"travelersbackpack:standard":6,"minecraft:cobblestone":54,"minecraft:porkchop":2,"minecraft:cobweb":5},"minecraft:custom":{"lootr:looted_stat":98,"minecraft:interact_with_anvil":21,"minecraft:mob_kills":202,"minecraft:interact_with_crafting_table":56,"minecraft:damage_dealt_resisted":0,"minecraft:leave_game":3,"minecraft:time_since_death":171111,"minecraft:climb_one_cm":6981,"minecraft:damage_resisted":34,"minecraft:sprint_one_cm":621989,"minecraft:walk_one_cm":1247040,"minecraft:damage_blocked_by_shield":2760,"minecraft:drop":113,"minecraft:talked_to_villager":5,"minecraft:target_hit":1,"minecraft:play_time":360153,"minecraft:sneak_time":5691,"minecraft:deaths":5,"minecraft:walk_under_water_one_cm":12358,"minecraft:interact_with_brewingstand":1,"minecraft:jump":3793,"minecraft:interact_with_blast_furnace":1,"minecraft:walk_on_water_one_cm":17569,"minecraft:total_world_time":360153,"minecraft:interact_with_furnace":18,"minecraft:interact_with_cartography_table":6,"minecraft:sleep_in_bed":10,"minecraft:hex":0,"minecraft:time_since_rest":12041,"minecraft:damage_taken":3237,"minecraft:damage_dealt":36845,"minecraft:swim_one_cm":2684,"minecraft:fly_one_cm":573221,"minecraft:open_chest":7,"minecraft:crouch_one_cm":21772,"minecraft:threat":10,"minecraft:interact_with_smoker":3,"minecraft:fall_one_cm":152994},"minecraft:mined":{"winterly:raw_cryomarble_shard":15,"powah:deepslate_uraninite_ore":1,"minecraft:tuff":22,"minecells:small_prison_bricks":1,"minecells:putrid_fence":6,"regions_unexplored:blue_lupine":1,"minecraft:deepslate_diamond_ore":34,"indrev:deepslate_tungsten_ore":4,"minecraft:brewing_stand":1,"minecraft:dark_oak_fence":1,"minecells:prison_cobblestone":2,"minecraft:grass_block":2,"minecells:prison_stone":7,"modern_industrialization:lignite_coal_ore":1,"indrev:deepslate_lead_ore":2,"minecraft:spruce_leaves":1,"frostiful:hot_sun_lichen":3,"minecraft:spawner":2,"modern_industrialization:tungsten_ore":2,"minecells:chain_pile_block":1,"techreborn:lead_ore":2,"minecraft:iron_ore":71,"minecraft:cobbled_deepslate":2,"minecraft:fire":4,"minecraft:andesite":8,"minecraft:anvil":3,"treechop:chopped_log":4,"minecraft:deepslate_lapis_ore":2,"indrev:deepslate_nikolite_ore":2,"minecraft:gold_block":2,"minecraft:enchanting_table":1,"soulsweapons:moonstone_ore_deepslate":57,"minecraft:bookshelf":27,"minecraft:deepslate_iron_ore":2,"minecraft:vine":9,"minecells:wilted_wall_leaves":1,"powah:uraninite_ore_poor":3,"minecells:cage":1,"modern_industrialization:deepslate_nickel_ore":3,"regions_unexplored:ash_vent":1,"regions_unexplored:medium_grass":2,"minecraft:stone":92,"bewitchment:deepslate_salt_ore":1,"techreborn:deepslate_bauxite_ore":6,"modern_industrialization:deepslate_tungsten_ore":1,"regions_unexplored:red_lupine":2,"soulsweapons:verglas_ore_deepslate":1,"supplementaries:book_pile":1,"minecraft:basalt":60,"create_new_age:magnetite_block":1,"travelersbackpack:standard":2,"minecraft:torch":1,"techreborn:deepslate_tin_ore":2,"minecraft:chest":1,"modern_industrialization:nickel_ore":3,"minecraft:copper_ore":2,"minecells:alchemy_equipment_0":1,"minecraft:deepslate_gold_ore":66,"minecraft:lapis_ore":1,"minecraft:diorite":8,"travelersbackpack:diamond":2,"minecells:alchemy_equipment_2":1,"techreborn:tin_ore":3,"powah:deepslate_uraninite_ore_poor":1,"modern_industrialization:deepslate_lignite_coal_ore":2,"modern_industrialization:deepslate_uranium_ore":1,"supplementaries:urn":4,"jewelry:deepslate_gem_vein":2,"minecraft:sweet_berry_bush":7,"minecraft:tnt":1,"minecraft:grass":3,"minecraft:coal_ore":49,"minecraft:sand":19,"minecraft:gravel":30,"minecraft:dirt":5,"archon:earth_node":2,"minecraft:cobweb":39,"minecraft:cracked_stone_bricks":4,"twigs:rhyolite":16,"minecraft:stone_bricks":14,"minecraft:mossy_stone_bricks":4,"minecraft:gold_ore":1,"minecraft:deepslate":527,"soulsweapons:verglas_ore":1},"minecraft:dropped":{"soulsweapons:bluemoon_shortsword":1,"minecraft:enchanted_book":2,"ironchests:blank_chest_upgrade":2,"minecraft:wheat_seeds":1,"minecells:prison_cobblestone":5,"minecraft:diamond":27,"techreborn:raw_lead":2,"tiered:limestone_chunk":4,"minecraft:cobblestone":70,"minecraft:leather":3,"techreborn:deepslate_bauxite_ore":6,"regions_unexplored:maple_planks":6,"minecraft:stick":5,"minecells:broadsword":1,"minecraft:dirt":5,"minecells:infected_flesh":4,"minecraft:diorite":8,"minecells:putrid_fence":1,"minecraft:sand":17,"minecells:explosive_bulb":1,"minecraft:wooden_axe":1,"minecells:metal_shards":1,"modern_industrialization:raw_uranium":1,"minecraft:iron_shovel":1,"minecraft:string":11,"ftbquests:book":1,"minecraft:white_wool":3,"powah:uraninite_raw":4,"twigs:twig":1,"minecraft:gravel":7,"minecraft:cobbled_deepslate":93,"minecraft:raw_copper":5,"soulsweapons:moonstone":17,"minecraft:rotten_flesh":2,"winterly:cryomarble_shard":3,"minecraft:golden_shovel":1,"minecells:monster_cell":1,"supplementaries:ash":3,"techreborn:raw_silver":2,"minecraft:shield":2,"simplyswords:iron_scythe":2,"regions_unexplored:red_lupine":3,"minecells:small_prison_bricks":1,"minecraft:gunpowder":4,"minecraft:iron_chestplate":1,"simplyswords:mjolnir":1,"minecraft:basalt":13,"minecraft:bow":1,"minecraft:stone_pickaxe":1,"minecraft:wooden_pickaxe":2,"regions_unexplored:blue_lupine":1},"minecraft:killed":{"minecells:mutated_bat":13,"minecraft:cave_spider":5,"promenade:duck":2,"minecraft:spider":5,"minecells:undead_archer":12,"naturalist:boar":1,"minecraft:skeleton":14,"minecells:leaping_zombie":49,"minecells:protector":8,"minecells:grenadier":19,"artifacts:mimic":4,"graveyard:ghoul":1,"minecells:runner":12,"minecraft:zombie_villager":1,"mutantmonsters:mutant_skeleton":1,"minecraft:creeper":5,"minecraft:sheep":1,"minecraft:pillager":2,"minecraft:zombie":40,"minecells:shieldbearer":5},"minecraft:broken":{"minecraft:iron_leggings":1,"immersive_armors:robe_leggings":1,"mcda:emerald_gear_helmet":1,"minecraft:iron_pickaxe":2},"minecraft:killed_by":{"minecraft:spider":1,"minecraft:zombie":1},"minecraft:picked_up":{"techreborn:raw_tin":5,"modern_industrialization:lignite_coal":3,"minecraft:anvil":3,"minecells:small_prison_bricks":1,"minecraft:wooden_pickaxe":1,"soulsweapons:moonstone":74,"minecraft:gold_block":2,"minecraft:enchanted_book":2,"minecraft:brewing_stand":1,"minecraft:shield":1,"minecraft:string":16,"travelersbackpack:diamond":2,"minecraft:raw_copper":5,"techreborn:raw_silver":2,"minecraft:cobbled_deepslate":352,"modern_industrialization:raw_uranium":1,"minecraft:chest":1,"minecells:guts":21,"minecraft:stick":6,"minecraft:raw_iron":69,"minecraft:torch":1,"regions_unexplored:blue_lupine":1,"minecraft:porkchop":2,"minecraft:diorite":8,"minecells:putrid_fence":3,"minecraft:arrow":5,"minecraft:tnt":1,"minecraft:rotten_flesh":57,"jewelry:ruby":1,"simplyswords:iron_scythe":1,"regions_unexplored:maple_sapling":5,"immersive_armors:robe_leggings":1,"archon:thunder_strike_tome":1,"mcda:emerald_gear_helmet":1,"supplementaries:ash":3,"minecraft:mutton":2,"minecells:broadsword":1,"minecraft:white_wool":1,"minecraft:cobblestone":138,"minecraft:enchanting_table":1,"minecraft:basalt":55,"minecraft:flint":1,"regions_unexplored:red_lupine":3,"artifacts:cloud_in_a_bottle":1,"minecraft:gunpowder":6,"minecraft:dirt":6,"jewelry:tanzanite":1,"minecraft:apple":1,"minecraft:wheat_seeds":1,"minecraft:raw_gold":67,"create_new_age:magnetite_block":1,"ftbquests:book":1,"techreborn:deepslate_bauxite_ore":12,"twigs:twig":8,"minecraft:book":80,"minecells:prison_cobblestone":5,"minecraft:sweet_berries":15,"patchouli:guide_book":1,"minecells:monster_cell":61,"simplyswords:mjolnir":1,"techreborn:raw_lead":2,"minecells:infected_flesh":8,"minecraft:gravel":7,"minecraft:sand":22,"powah:uraninite_raw":4,"minecraft:spruce_sapling":4,"winterly:cryomarble_shard":18,"minecraft:spruce_log":18,"minecells:metal_shards":1,"minecraft:spider_eye":2,"travelersbackpack:standard":2,"modern_industrialization:raw_nickel":4,"minecraft:diamond":34,"minecells:explosive_bulb":8,"regions_unexplored:maple_log":18,"soulsweapons:verglas":2,"minecraft:bread":20,"twigs:rhyolite":4,"minecraft:coal":43,"minecraft:wooden_axe":2}},"DataVersion":3465}