{"stats":{"minecraft:used":{"minecraft:apple":1,"minecraft:stone_pickaxe":27,"minecraft:shield":2,"regions_unexplored:maple_sapling":5,"minecraft:chest":1,"minecraft:wooden_pickaxe":10,"minecraft:spruce_sapling":4,"minecraft:rotten_flesh":3,"minecraft:stone_axe":28,"minecraft:dirt":1,"minecraft:cobblestone":1,"minecraft:sweet_berries":10,"minecraft:crafting_table":3,"minecraft:porkchop":2},"minecraft:dropped":{"minecraft:dirt":1},"minecraft:mined":{"regions_unexplored:blue_lupine":1,"regions_unexplored:red_lupine":2,"minecraft:iron_ore":1,"minecraft:sweet_berry_bush":7,"treechop:chopped_log":4,"minecraft:grass":1,"minecraft:grass_block":1,"minecraft:coal_ore":10,"minecraft:chest":1,"minecraft:gravel":1,"modern_industrialization:nickel_ore":2,"minecraft:spruce_leaves":1,"minecraft:stone":20,"techreborn:tin_ore":2},"minecraft:killed":{"naturalist:boar":1},"minecraft:picked_up":{"techreborn:raw_tin":2,"minecraft:stick":6,"minecraft:raw_iron":1,"minecraft:sweet_berries":15,"regions_unexplored:blue_lupine":1,"minecraft:porkchop":2,"minecraft:flint":1,"regions_unexplored:red_lupine":1,"minecraft:spruce_sapling":4,"minecraft:spruce_log":18,"minecraft:dirt":2,"modern_industrialization:raw_nickel":2,"minecraft:rotten_flesh":3,"minecraft:apple":1,"regions_unexplored:maple_sapling":5,"minecraft:wheat_seeds":1,"archon:thunder_strike_tome":1,"regions_unexplored:maple_log":18,"twigs:twig":7,"minecraft:chest":1,"minecraft:coal":9,"minecraft:cobblestone":19},"minecraft:crafted":{"ironchests:blank_chest_upgrade":1,"minecraft:crafting_table":3,"regions_unexplored:maple_planks":72,"minecraft:wooden_pickaxe":1,"minecraft:stone_pickaxe":1,"minecraft:chest":1,"minecraft:stone_axe":1},"minecraft:custom":{"minecraft:time_since_rest":12367,"lootr:looted_stat":1,"minecraft:sprint_one_cm":92830,"minecraft:damage_taken":140,"minecraft:walk_one_cm":131402,"minecraft:damage_blocked_by_shield":50,"minecraft:mob_kills":2,"minecraft:drop":1,"minecraft:damage_dealt":323,"minecraft:swim_one_cm":2684,"minecraft:talked_to_villager":1,"minecraft:interact_with_crafting_table":13,"minecraft:fly_one_cm":137965,"minecraft:open_chest":1,"minecraft:crouch_one_cm":601,"minecraft:play_time":54155,"minecraft:sneak_time":143,"minecraft:walk_under_water_one_cm":897,"minecraft:jump":707,"minecraft:walk_on_water_one_cm":3689,"minecraft:leave_game":1,"minecraft:time_since_death":54155,"minecraft:sleep_in_bed":3,"minecraft:total_world_time":54155,"minecraft:hex":0,"minecraft:fall_one_cm":18919}},"DataVersion":3465}