{"stats":{"minecraft:broken":{"minecraft:wooden_sword":1},"minecraft:dropped":{"minecraft:iron_ingot":1,"minecraft:sweet_berries":1,"minecraft:poppy":1,"minecraft:iron_chestplate":2,"minecraft:mutton":2},"minecraft:picked_up":{"minecraft:wooden_axe":1,"minecraft:iron_chestplate":1,"minecraft:crafting_table":1,"minecraft:leather":3,"minecraft:oak_log":20,"minecraft:blue_bed":2,"minecraft:dirt":37,"minecraft:wooden_sword":1,"minecraft:iron_ingot":6,"minecraft:beef":13,"minecraft:poppy":1,"minecraft:oak_planks":20,"minecraft:stick":2,"minecraft:sweet_berries":9,"minecraft:porkchop":3,"minecraft:spruce_sapling":1,"minecraft:spruce_log":5,"minecraft:purple_bed":4,"minecraft:rotten_flesh":5,"minecraft:oak_sapling":1,"minecraft:mutton":5,"minecraft:coal":16,"minecraft:white_wool":5,"minecraft:cobblestone":17},"minecraft:killed_by":{"minecraft:skeleton":2,"minecraft:zombie":1,"minecraft:iron_golem":1},"minecraft:used":{"minecraft:cooked_mutton":1,"minecraft:stone_pickaxe":30,"minecraft:oak_planks":9,"minecraft:wooden_pickaxe":3,"minecraft:blue_bed":2,"minecraft:rotten_flesh":4,"minecraft:white_wool":1,"minecraft:dirt":1,"minecraft:mutton":1,"minecraft:crafting_table":6,"minecraft:white_bed":1,"minecraft:wooden_axe":16,"minecraft:bread":1,"minecraft:spruce_trapdoor":3,"minecraft:spruce_sapling":1,"minecraft:stone_axe":8,"minecraft:wooden_sword":23,"minecraft:cobblestone":3,"minecraft:beef":6,"minecraft:purple_bed":3,"minecraft:sweet_berries":14,"minecraft:oak_sapling":1,"minecraft:furnace":1,"minecraft:porkchop":3,"minecraft:oak_boat":2,"minecraft:cooked_beef":1},"minecraft:custom":{"minecraft:interact_with_furnace":5,"minecraft:mob_kills":20,"minecraft:interact_with_crafting_table":13,"minecraft:play_one_minute":74653,"minecraft:leave_game":4,"minecraft:time_since_death":11441,"minecraft:sleep_in_bed":2,"minecraft:time_since_rest":1730,"minecraft:sprint_one_cm":81781,"minecraft:damage_taken":1612,"minecraft:walk_one_cm":318010,"minecraft:drop":7,"minecraft:damage_dealt":3277,"minecraft:swim_one_cm":12158,"minecraft:fly_one_cm":96549,"minecraft:open_chest":3,"minecraft:crouch_one_cm":501,"minecraft:deaths":4,"minecraft:sneak_time":73,"minecraft:walk_under_water_one_cm":3515,"minecraft:boat_one_cm":401752,"minecraft:jump":1407,"minecraft:walk_on_water_one_cm":13189,"minecraft:fall_one_cm":29159},"minecraft:mined":{"minecraft:crafting_table":1,"minecraft:grass_block":7,"minecraft:spruce_leaves":7,"minecraft:oak_planks":1,"minecraft:blue_bed":2,"minecraft:purple_bed":4,"minecraft:sweet_berry_bush":3,"minecraft:spruce_log":5,"minecraft:grass":1,"minecraft:coal_ore":16,"minecraft:oak_log":20,"minecraft:dirt":28,"minecraft:stone":17,"minecraft:white_wool":1,"minecraft:oak_leaves":6,"minecraft:fern":1},"minecraft:killed":{"minecraft:pig":2,"minecraft:iron_golem":1,"minecraft:sheep":4,"minecraft:skeleton":1,"minecraft:zombie":5,"minecraft:cow":7},"minecraft:crafted":{"minecraft:cooked_beef":7,"minecraft:oak_planks":80,"minecraft:crafting_table":5,"minecraft:spruce_planks":20,"minecraft:wooden_pickaxe":1,"minecraft:furnace":1,"minecraft:stone_axe":1,"minecraft:cooked_mutton":2,"minecraft:oak_boat":2,"minecraft:spruce_trapdoor":4,"minecraft:stick":12,"minecraft:stone_pickaxe":1,"minecraft:wooden_axe":1,"minecraft:white_bed":1}},"DataVersion":2586}