{"stats":{"minecraft:used":{"minecraft:apple":1,"regions_unexplored:maple_sapling":5,"minecraft:chest":1,"minecraft:wooden_pickaxe":10,"minecraft:spruce_sapling":4,"minecraft:stone_axe":25,"minecraft:dirt":1,"minecraft:cobblestone":1,"minecraft:sweet_berries":10,"minecraft:crafting_table":3},"minecraft:dropped":{"minecraft:dirt":1},"minecraft:mined":{"regions_unexplored:blue_lupine":1,"regions_unexplored:red_lupine":2,"minecraft:sweet_berry_bush":7,"treechop:chopped_log":4,"minecraft:grass":1,"minecraft:grass_block":1,"minecraft:chest":1,"minecraft:gravel":1,"minecraft:spruce_leaves":1,"minecraft:stone":9},"minecraft:picked_up":{"minecraft:stick":6,"minecraft:sweet_berries":15,"regions_unexplored:blue_lupine":1,"minecraft:flint":1,"regions_unexplored:red_lupine":1,"minecraft:spruce_sapling":4,"minecraft:spruce_log":18,"minecraft:dirt":2,"minecraft:rotten_flesh":3,"minecraft:apple":1,"regions_unexplored:maple_sapling":5,"minecraft:wheat_seeds":1,"archon:thunder_strike_tome":1,"regions_unexplored:maple_log":18,"twigs:twig":7,"minecraft:chest":1,"minecraft:cobblestone":8},"minecraft:crafted":{"ironchests:blank_chest_upgrade":1,"minecraft:crafting_table":3,"regions_unexplored:maple_planks":36,"minecraft:wooden_pickaxe":1,"minecraft:chest":1,"minecraft:stone_axe":1},"minecraft:custom":{"minecraft:time_since_rest":367,"lootr:looted_stat":1,"minecraft:sprint_one_cm":46435,"minecraft:damage_taken":50,"minecraft:walk_one_cm":91996,"minecraft:mob_kills":1,"minecraft:drop":1,"minecraft:damage_dealt":63,"minecraft:swim_one_cm":2684,"minecraft:talked_to_villager":1,"minecraft:interact_with_crafting_table":13,"minecraft:fly_one_cm":71627,"minecraft:open_chest":1,"minecraft:play_time":42155,"minecraft:sneak_time":8,"minecraft:walk_under_water_one_cm":761,"minecraft:jump":348,"minecraft:walk_on_water_one_cm":2167,"minecraft:leave_game":1,"minecraft:time_since_death":42155,"minecraft:sleep_in_bed":3,"minecraft:total_world_time":42155,"minecraft:hex":0,"minecraft:fall_one_cm":7907}},"DataVersion":3465}