{"stats":{"minecraft:broken":{"minecraft:wooden_sword":1},"minecraft:dropped":{"minecraft:sweet_berries":1,"minecraft:mutton":2},"minecraft:picked_up":{"minecraft:crafting_table":1,"minecraft:sweet_berries":3,"minecraft:leather":2,"minecraft:porkchop":3,"minecraft:oak_log":20,"minecraft:dirt":3,"minecraft:wooden_sword":1,"minecraft:rotten_flesh":5,"minecraft:beef":13,"minecraft:oak_sapling":1,"minecraft:mutton":5,"minecraft:coal":16,"minecraft:white_wool":5,"minecraft:cobblestone":17},"minecraft:killed_by":{"minecraft:skeleton":2,"minecraft:zombie":1},"minecraft:used":{"minecraft:cooked_mutton":1,"minecraft:stone_pickaxe":30,"minecraft:wooden_pickaxe":3,"minecraft:wooden_sword":23,"minecraft:rotten_flesh":4,"minecraft:stone_axe":8,"minecraft:white_wool":1,"minecraft:cobblestone":3,"minecraft:dirt":1,"minecraft:mutton":1,"minecraft:beef":6,"minecraft:sweet_berries":3,"minecraft:crafting_table":4,"minecraft:furnace":1,"minecraft:oak_sapling":1,"minecraft:porkchop":3,"minecraft:white_bed":1,"minecraft:oak_boat":1,"minecraft:cooked_beef":1},"minecraft:custom":{"minecraft:time_since_rest":3196,"minecraft:interact_with_furnace":5,"minecraft:sprint_one_cm":57746,"minecraft:damage_taken":1316,"minecraft:walk_one_cm":256391,"minecraft:mob_kills":19,"minecraft:drop":3,"minecraft:damage_dealt":2278,"minecraft:swim_one_cm":12158,"minecraft:interact_with_crafting_table":10,"minecraft:fly_one_cm":82596,"minecraft:play_one_minute":62653,"minecraft:crouch_one_cm":350,"minecraft:deaths":3,"minecraft:sneak_time":30,"minecraft:walk_under_water_one_cm":3515,"minecraft:boat_one_cm":400174,"minecraft:jump":1204,"minecraft:leave_game":4,"minecraft:time_since_death":43350,"minecraft:walk_on_water_one_cm":13040,"minecraft:sleep_in_bed":1,"minecraft:fall_one_cm":25024},"minecraft:mined":{"minecraft:sweet_berry_bush":1,"minecraft:crafting_table":1,"minecraft:grass":1,"minecraft:grass_block":3,"minecraft:oak_log":20,"minecraft:coal_ore":16,"minecraft:stone":17,"minecraft:white_wool":1,"minecraft:oak_leaves":6,"minecraft:fern":1},"minecraft:killed":{"minecraft:sheep":4,"minecraft:skeleton":1,"minecraft:zombie":5,"minecraft:pig":2,"minecraft:cow":7},"minecraft:crafted":{"minecraft:cooked_beef":7,"minecraft:oak_boat":1,"minecraft:oak_planks":60,"minecraft:crafting_table":3,"minecraft:stick":12,"minecraft:wooden_pickaxe":1,"minecraft:stone_pickaxe":1,"minecraft:white_bed":1,"minecraft:furnace":1,"minecraft:stone_axe":1,"minecraft:cooked_mutton":2}},"DataVersion":2586}