{"stats":{"minecraft:crafted":{"minecells:cell_infused_steel":4,"regions_unexplored:maple_planks":72,"minecraft:furnace":1,"ironchests:blank_chest_upgrade":1,"minecraft:iron_boots":1,"minecraft:stone_pickaxe":1,"mcdw:sword_broadsword":1,"minecraft:chest":1,"soulsweapons:bluemoon_shortsword":2,"minecraft:crafting_table":11,"minecraft:spruce_planks":72,"minecraft:wooden_pickaxe":1,"minecraft:iron_sword":1,"minecraft:stone_axe":1,"minecraft:air":0,"minecraft:iron_chestplate":1,"minecraft:diamond_pickaxe":2,"minecraft:stick":22,"minecraft:iron_ingot":78,"minecraft:iron_pickaxe":1,"minecraft:iron_block":5,"minecraft:iron_leggings":1,"minecraft:gold_ingot":39,"minecraft:anvil":1,"minecraft:torch":24,"mcdw:sword_claymore":1,"minecraft:diamond_chestplate":1},"minecraft:used":{"mcdw:sword_claymore":36,"minecraft:stone_sword":84,"minecraft:chest":2,"minecraft:shield":82,"minecraft:rotten_flesh":39,"minecraft:iron_chestplate":1,"regions_unexplored:maple_planks":21,"minecraft:torch":25,"minecraft:dirt":1,"minecraft:anvil":4,"twigs:rhyolite":4,"minecraft:iron_axe":31,"regions_unexplored:maple_sapling":5,"minecells:broadsword":76,"minecraft:iron_boots":2,"minecells:guts":1,"minecraft:bow":4,"minecraft:diamond_chestplate":1,"minecraft:basalt":37,"simplyswords:iron_scythe":21,"minecraft:sweet_berries":15,"minecraft:furnace":1,"minecraft:cobbled_deepslate":195,"minecraft:iron_leggings":2,"minecraft:stone_pickaxe":106,"minecraft:wooden_pickaxe":10,"soulsweapons:bluemoon_shortsword":153,"minecraft:crafting_table":11,"simplyswords:mjolnir":80,"minecraft:diamond_pickaxe":543,"minecraft:apple":1,"minecraft:bread":12,"minecraft:iron_pickaxe":500,"minecraft:spruce_sapling":4,"minecraft:stone_axe":32,"minecraft:enchanted_book":1,"minecraft:cobblestone":54,"minecraft:porkchop":2},"minecraft:custom":{"lootr:looted_stat":65,"minecraft:mob_kills":122,"minecraft:interact_with_anvil":21,"minecraft:interact_with_crafting_table":44,"minecraft:damage_dealt_resisted":0,"minecraft:leave_game":2,"minecraft:time_since_death":106412,"minecraft:climb_one_cm":6981,"minecraft:damage_resisted":8,"minecraft:sprint_one_cm":447245,"minecraft:walk_one_cm":1011655,"minecraft:damage_blocked_by_shield":2656,"minecraft:drop":80,"minecraft:talked_to_villager":5,"minecraft:target_hit":1,"minecraft:play_time":295454,"minecraft:deaths":5,"minecraft:sneak_time":5298,"minecraft:walk_under_water_one_cm":12358,"minecraft:interact_with_brewingstand":1,"minecraft:jump":3247,"minecraft:interact_with_blast_furnace":1,"minecraft:walk_on_water_one_cm":14933,"minecraft:total_world_time":295454,"minecraft:interact_with_furnace":17,"minecraft:interact_with_cartography_table":6,"minecraft:sleep_in_bed":9,"minecraft:hex":0,"minecraft:time_since_rest":87252,"minecraft:damage_taken":2460,"minecraft:damage_dealt":23233,"minecraft:swim_one_cm":2684,"minecraft:fly_one_cm":412586,"minecraft:open_chest":7,"minecraft:crouch_one_cm":20346,"minecraft:threat":8,"minecraft:interact_with_smoker":3,"minecraft:fall_one_cm":124113},"minecraft:mined":{"winterly:raw_cryomarble_shard":15,"powah:deepslate_uraninite_ore":1,"minecraft:tuff":22,"minecells:small_prison_bricks":1,"minecells:putrid_fence":1,"regions_unexplored:blue_lupine":1,"minecraft:deepslate_diamond_ore":34,"indrev:deepslate_tungsten_ore":4,"minecraft:brewing_stand":1,"minecraft:dark_oak_fence":1,"minecells:prison_cobblestone":2,"minecraft:grass_block":2,"minecells:prison_stone":7,"modern_industrialization:lignite_coal_ore":1,"indrev:deepslate_lead_ore":2,"minecraft:spruce_leaves":1,"minecraft:spawner":2,"modern_industrialization:tungsten_ore":2,"minecells:chain_pile_block":1,"techreborn:lead_ore":2,"minecraft:fire":4,"minecraft:iron_ore":71,"minecraft:cobbled_deepslate":2,"minecraft:andesite":8,"treechop:chopped_log":4,"minecraft:deepslate_lapis_ore":2,"minecraft:anvil":3,"indrev:deepslate_nikolite_ore":2,"minecraft:enchanting_table":1,"minecraft:gold_block":2,"soulsweapons:moonstone_ore_deepslate":57,"minecraft:bookshelf":27,"minecraft:vine":9,"minecraft:deepslate_iron_ore":2,"minecells:cage":1,"powah:uraninite_ore_poor":3,"modern_industrialization:deepslate_nickel_ore":3,"regions_unexplored:ash_vent":1,"regions_unexplored:medium_grass":1,"minecraft:stone":92,"bewitchment:deepslate_salt_ore":1,"techreborn:deepslate_bauxite_ore":6,"modern_industrialization:deepslate_tungsten_ore":1,"regions_unexplored:red_lupine":2,"soulsweapons:verglas_ore_deepslate":1,"supplementaries:book_pile":1,"minecraft:basalt":60,"create_new_age:magnetite_block":1,"minecraft:torch":1,"techreborn:deepslate_tin_ore":2,"minecraft:chest":1,"modern_industrialization:nickel_ore":3,"minecraft:copper_ore":2,"minecraft:lapis_ore":1,"minecraft:deepslate_gold_ore":66,"minecraft:diorite":8,"modern_industrialization:deepslate_lignite_coal_ore":2,"powah:deepslate_uraninite_ore_poor":1,"techreborn:tin_ore":3,"supplementaries:urn":4,"modern_industrialization:deepslate_uranium_ore":1,"jewelry:deepslate_gem_vein":2,"minecraft:sweet_berry_bush":7,"minecraft:tnt":1,"minecraft:grass":2,"minecraft:coal_ore":49,"minecraft:dirt":5,"archon:earth_node":2,"minecraft:gravel":30,"minecraft:cobweb":34,"minecraft:cracked_stone_bricks":4,"twigs:rhyolite":16,"minecraft:stone_bricks":14,"minecraft:mossy_stone_bricks":4,"minecraft:gold_ore":1,"minecraft:deepslate":527,"soulsweapons:verglas_ore":1},"minecraft:dropped":{"minecraft:enchanted_book":2,"minecraft:wheat_seeds":1,"ironchests:blank_chest_upgrade":2,"minecells:prison_cobblestone":5,"techreborn:raw_lead":2,"tiered:limestone_chunk":4,"minecraft:cobblestone":70,"techreborn:deepslate_bauxite_ore":6,"regions_unexplored:maple_planks":6,"minecraft:stick":1,"minecells:broadsword":1,"minecraft:dirt":5,"minecells:infected_flesh":4,"minecraft:diorite":8,"minecells:explosive_bulb":1,"minecraft:wooden_axe":1,"minecells:metal_shards":1,"modern_industrialization:raw_uranium":1,"minecraft:iron_shovel":1,"minecraft:string":9,"ftbquests:book":1,"powah:uraninite_raw":4,"twigs:twig":1,"minecraft:gravel":7,"minecraft:cobbled_deepslate":93,"minecraft:raw_copper":5,"soulsweapons:moonstone":1,"minecraft:rotten_flesh":2,"winterly:cryomarble_shard":3,"minecraft:golden_shovel":1,"minecells:monster_cell":1,"simplyswords:iron_scythe":2,"supplementaries:ash":3,"techreborn:raw_silver":2,"regions_unexplored:red_lupine":3,"minecraft:shield":2,"minecells:small_prison_bricks":1,"minecraft:gunpowder":4,"minecraft:iron_chestplate":1,"minecraft:basalt":13,"minecraft:bow":1,"minecraft:stone_pickaxe":1,"minecraft:wooden_pickaxe":2,"regions_unexplored:blue_lupine":1,"soulsweapons:bluemoon_shortsword":1},"minecraft:killed":{"minecells:mutated_bat":6,"minecraft:cave_spider":5,"promenade:duck":2,"minecraft:spider":4,"minecells:undead_archer":8,"naturalist:boar":1,"minecraft:skeleton":14,"minecells:leaping_zombie":14,"minecells:grenadier":7,"artifacts:mimic":4,"graveyard:ghoul":1,"minecells:runner":4,"minecraft:zombie_villager":1,"mutantmonsters:mutant_skeleton":1,"minecraft:creeper":5,"minecraft:pillager":2,"minecraft:zombie":37,"minecells:shieldbearer":4},"minecraft:broken":{"immersive_armors:robe_leggings":1,"minecraft:iron_pickaxe":2},"minecraft:killed_by":{"minecraft:spider":1,"minecraft:zombie":1},"minecraft:picked_up":{"minecraft:wooden_axe":2,"techreborn:raw_tin":5,"modern_industrialization:lignite_coal":3,"minecraft:anvil":3,"minecells:small_prison_bricks":1,"minecraft:wooden_pickaxe":1,"soulsweapons:moonstone":58,"minecraft:gold_block":2,"minecraft:enchanted_book":2,"minecraft:brewing_stand":1,"minecraft:shield":1,"minecraft:string":9,"minecraft:raw_copper":5,"techreborn:raw_silver":2,"minecraft:cobbled_deepslate":352,"modern_industrialization:raw_uranium":1,"minecraft:chest":1,"minecells:guts":6,"minecraft:raw_iron":69,"minecraft:stick":6,"minecraft:torch":1,"regions_unexplored:blue_lupine":1,"minecraft:porkchop":2,"minecraft:diorite":8,"minecraft:tnt":1,"minecraft:rotten_flesh":36,"jewelry:ruby":1,"simplyswords:iron_scythe":1,"regions_unexplored:maple_sapling":5,"immersive_armors:robe_leggings":1,"archon:thunder_strike_tome":1,"mcda:emerald_gear_helmet":1,"supplementaries:ash":3,"minecells:broadsword":1,"minecraft:cobblestone":138,"minecraft:enchanting_table":1,"minecraft:basalt":55,"minecraft:flint":1,"regions_unexplored:red_lupine":3,"minecraft:gunpowder":4,"artifacts:cloud_in_a_bottle":1,"minecraft:dirt":6,"jewelry:tanzanite":1,"minecraft:apple":1,"minecraft:wheat_seeds":1,"minecraft:raw_gold":67,"create_new_age:magnetite_block":1,"ftbquests:book":1,"techreborn:deepslate_bauxite_ore":12,"twigs:twig":8,"minecraft:book":80,"patchouli:guide_book":1,"minecells:prison_cobblestone":5,"minecraft:sweet_berries":15,"minecells:monster_cell":25,"techreborn:raw_lead":2,"minecells:infected_flesh":4,"minecraft:gravel":7,"powah:uraninite_raw":4,"minecraft:spruce_sapling":4,"minecells:metal_shards":1,"minecraft:spruce_log":18,"winterly:cryomarble_shard":18,"minecraft:spider_eye":2,"minecells:explosive_bulb":2,"modern_industrialization:raw_nickel":4,"minecraft:diamond":34,"regions_unexplored:maple_log":18,"soulsweapons:verglas":2,"twigs:rhyolite":4,"minecraft:coal":43}},"DataVersion":3465}