{"stats":{"minecraft:crafted":{"minecraft:cooked_beef":7,"minecraft:oak_boat":1,"minecraft:oak_planks":60,"minecraft:crafting_table":2,"minecraft:stick":8,"minecraft:wooden_pickaxe":1,"minecraft:stone_pickaxe":1,"minecraft:furnace":1,"minecraft:stone_axe":1,"minecraft:cooked_mutton":2},"minecraft:killed_by":{"minecraft:skeleton":2,"minecraft:zombie":1},"minecraft:used":{"minecraft:cooked_mutton":1,"minecraft:stone_pickaxe":30,"minecraft:wooden_pickaxe":3,"minecraft:rotten_flesh":2,"minecraft:stone_axe":8,"minecraft:white_wool":1,"minecraft:wooden_sword":18,"minecraft:cobblestone":3,"minecraft:mutton":1,"minecraft:beef":3,"minecraft:crafting_table":2,"minecraft:furnace":1,"minecraft:oak_sapling":1,"minecraft:porkchop":3,"minecraft:oak_boat":1,"minecraft:cooked_beef":1},"minecraft:picked_up":{"minecraft:crafting_table":1,"minecraft:leather":2,"minecraft:porkchop":3,"minecraft:oak_log":20,"minecraft:wooden_sword":1,"minecraft:rotten_flesh":3,"minecraft:beef":13,"minecraft:oak_sapling":1,"minecraft:coal":16,"minecraft:mutton":3,"minecraft:white_wool":3,"minecraft:cobblestone":17},"minecraft:mined":{"minecraft:crafting_table":1,"minecraft:grass":1,"minecraft:oak_log":20,"minecraft:coal_ore":16,"minecraft:stone":17,"minecraft:white_wool":1,"minecraft:oak_leaves":6},"minecraft:killed":{"minecraft:sheep":2,"minecraft:skeleton":1,"minecraft:zombie":4,"minecraft:pig":2,"minecraft:cow":7},"minecraft:custom":{"minecraft:time_since_rest":20017,"minecraft:interact_with_furnace":5,"minecraft:sprint_one_cm":24111,"minecraft:damage_taken":1151,"minecraft:walk_one_cm":195715,"minecraft:mob_kills":16,"minecraft:damage_dealt":1914,"minecraft:interact_with_crafting_table":8,"minecraft:fly_one_cm":45028,"minecraft:play_one_minute":39296,"minecraft:crouch_one_cm":193,"minecraft:deaths":3,"minecraft:sneak_time":11,"minecraft:walk_under_water_one_cm":707,"minecraft:boat_one_cm":58558,"minecraft:jump":872,"minecraft:leave_game":2,"minecraft:time_since_death":19993,"minecraft:walk_on_water_one_cm":7310,"minecraft:fall_one_cm":19489}},"DataVersion":2586}