{"stats":{"minecraft:custom":{"minecraft:interact_with_crafting_table":238,"minecraft:open_shulker_box":62,"minecraft:bell_ring":4,"minecraft:leave_game":44,"minecraft:time_since_death":5865,"minecraft:sprint_one_cm":2057523,"minecraft:damage_blocked_by_shield":4345,"minecraft:drop":355,"minecraft:play_noteblock":1,"minecraft:talked_to_villager":196,"minecraft:deaths":62,"minecraft:jump":21875,"minecraft:walk_on_water_one_cm":150314,"minecraft:enchant_item":9,"minecraft:interact_with_furnace":116,"minecraft:traded_with_villager":353,"minecraft:interact_with_cartography_table":1,"minecraft:play_one_minute":1452020,"minecraft:sleep_in_bed":52,"minecraft:damage_dealt":29275,"minecraft:crouch_one_cm":160641,"minecraft:inspect_dispenser":9,"minecraft:interact_with_smithing_table":1,"minecraft:inspect_dropper":2,"minecraft:interact_with_anvil":25,"minecraft:mob_kills":184,"minecraft:inspect_hopper":21,"minecraft:climb_one_cm":32666,"minecraft:walk_one_cm":4819777,"minecraft:sneak_time":39800,"minecraft:walk_under_water_one_cm":151412,"minecraft:boat_one_cm":425484,"minecraft:interact_with_blast_furnace":30,"minecraft:tune_noteblock":57,"minecraft:time_since_rest":5895,"minecraft:damage_taken":26943,"minecraft:minecart_one_cm":59890,"minecraft:swim_one_cm":26861,"minecraft:fly_one_cm":3851833,"minecraft:open_chest":391,"minecraft:fall_one_cm":479829},"minecraft:used":{"minecraft:iron_shovel":871,"minecraft:dispenser":13,"minecraft:spruce_slab":10,"minecraft:oak_sign":5,"minecraft:shield":114,"minecraft:chest":70,"minecraft:iron_sword":283,"minecraft:zombie_spawn_egg":1,"minecraft:bell":1,"minecraft:rotten_flesh":13,"minecraft:spruce_leaves":24,"minecraft:mutton":3,"minecraft:obsidian":70,"minecraft:spruce_boat":20,"minecraft:glass":268,"minecraft:lava_bucket":4,"minecraft:villager_spawn_egg":1,"minecraft:bow":68,"minecraft:scaffolding":109,"minecraft:sweet_berries":14,"minecraft:oak_sapling":1,"minecraft:furnace":6,"minecraft:potato":172,"minecraft:diorite":82,"minecraft:end_rod":5,"minecraft:spruce_door":4,"minecraft:dropper":4,"minecraft:stone_pickaxe":33,"minecraft:powered_rail":69,"minecraft:chorus_fruit":7,"minecraft:oak_planks":9,"minecraft:blackstone":18,"minecraft:wooden_pickaxe":3,"minecraft:sugar_cane":15,"minecraft:blue_bed":5,"minecraft:composter":1,"minecraft:white_wool":1,"minecraft:sand":2,"minecraft:crossbow":4,"minecraft:stone_brick_wall":67,"minecraft:note_block":1,"minecraft:end_stone":224,"minecraft:shears":2,"minecraft:redstone_torch":51,"minecraft:lever":1,"minecraft:chiseled_sandstone":5,"minecraft:string":14,"minecraft:bread":305,"minecraft:lectern":9,"minecraft:gravel":78,"minecraft:wooden_sword":23,"minecraft:grindstone":1,"minecraft:smithing_table":1,"minecraft:andesite":40,"minecraft:oak_boat":2,"minecraft:netherite_sword":71,"minecraft:flint_and_steel":72,"minecraft:redstone":105,"minecraft:spruce_planks":243,"minecraft:wooden_shovel":52,"minecraft:netherrack":951,"minecraft:torch":413,"minecraft:anvil":3,"minecraft:dirt":414,"minecraft:hopper":44,"minecraft:cobblestone_wall":155,"minecraft:iron_hoe":120,"minecraft:red_shulker_box":21,"minecraft:wooden_axe":36,"minecraft:stone_brick_slab":9,"minecraft:sea_lantern":31,"minecraft:bookshelf":4,"minecraft:iron_axe":2336,"minecraft:tripwire_hook":5,"minecraft:glowstone":32,"minecraft:basalt":90,"minecraft:beef":6,"minecraft:podzol":6,"minecraft:minecart":67,"minecraft:stone_pressure_plate":1,"minecraft:enchanted_golden_apple":2,"minecraft:cooked_beef":1,"minecraft:observer":17,"minecraft:wheat_seeds":1,"minecraft:cooked_mutton":1,"minecraft:water_bucket":276,"minecraft:iron_ore":2,"minecraft:cobblestone_stairs":3,"minecraft:andesite_slab":6,"minecraft:spruce_sign":2,"minecraft:cauldron":2,"minecraft:fletching_table":6,"minecraft:stonecutter":1,"minecraft:cobblestone_slab":16,"minecraft:cracked_stone_bricks":33,"minecraft:rail":443,"minecraft:crafting_table":19,"minecraft:white_bed":41,"minecraft:spruce_log":83,"minecraft:piston":8,"minecraft:activator_rail":16,"minecraft:diamond_pickaxe":10108,"minecraft:iron_pickaxe":2121,"minecraft:detector_rail":33,"minecraft:stone_slab":4,"minecraft:spruce_trapdoor":109,"minecraft:spruce_sapling":1,"minecraft:stone_axe":8,"minecraft:cobblestone":1753,"minecraft:purple_bed":13,"minecraft:porkchop":3,"minecraft:pink_shulker_box":24,"minecraft:bucket":287,"minecraft:pumpkin_pie":24,"minecraft:pillager_spawn_egg":1},"minecraft:picked_up":{"minecraft:wooden_axe":1,"minecraft:iron_chestplate":1,"minecraft:wheat":13,"minecraft:stone_slab":2,"minecraft:enchanted_book":1,"minecraft:string":489,"minecraft:pink_shulker_box":26,"minecraft:activator_rail":16,"minecraft:diamond_leggings":2,"minecraft:gold_nugget":64,"minecraft:bucket":2,"minecraft:spruce_planks":86,"minecraft:redstone_torch":29,"minecraft:cobblestone_slab":16,"minecraft:iron_pickaxe":3,"minecraft:enchanted_golden_apple":2,"minecraft:stick":115,"minecraft:composter":1,"minecraft:torch":192,"minecraft:porkchop":3,"minecraft:diorite":325,"minecraft:cauldron":2,"minecraft:rotten_flesh":50,"minecraft:iron_block":3,"minecraft:glowstone":1,"minecraft:bookshelf":1,"minecraft:end_rod":12,"minecraft:obsidian":67,"minecraft:iron_bars":14,"minecraft:cobblestone":3826,"minecraft:magma_block":20,"minecraft:feather":6,"minecraft:andesite":158,"minecraft:smoker":2,"minecraft:potato":191,"minecraft:flint":7,"minecraft:netherite_leggings":1,"minecraft:map":2,"minecraft:lapis_lazuli":97,"minecraft:dirt":975,"minecraft:name_tag":1,"minecraft:glass":59,"minecraft:bone":31,"minecraft:bow":2,"minecraft:stonecutter":2,"minecraft:wheat_seeds":30,"minecraft:bell":1,"minecraft:grindstone":3,"minecraft:fletching_table":6,"minecraft:diamond_helmet":1,"minecraft:glowstone_dust":5,"minecraft:powered_rail":56,"minecraft:oak_planks":30,"minecraft:warped_wart_block":4,"minecraft:poisonous_potato":3,"minecraft:sand":538,"minecraft:chiseled_sandstone":8,"minecraft:mossy_cobblestone":13,"minecraft:dispenser":1,"minecraft:diamond":72,"minecraft:spruce_boat":20,"minecraft:crossbow":1,"minecraft:granite":77,"minecraft:bone_meal":12,"minecraft:emerald":29,"minecraft:bread":4,"minecraft:oak_sapling":1,"minecraft:netherrack":2752,"minecraft:chorus_fruit":28,"minecraft:crimson_roots":12,"minecraft:diamond_pickaxe":6,"minecraft:crafting_table":7,"minecraft:brown_mushroom":3,"minecraft:shield":2,"minecraft:iron_axe":2,"minecraft:wooden_sword":1,"minecraft:blackstone":76,"minecraft:cartography_table":2,"minecraft:detector_rail":25,"minecraft:beef":13,"minecraft:observer":9,"minecraft:iron_nugget":4,"minecraft:poppy":12,"minecraft:spruce_slab":14,"minecraft:minecart":65,"minecraft:lectern":11,"minecraft:sugar_cane":42,"minecraft:chest":14,"minecraft:spruce_trapdoor":46,"minecraft:end_stone":229,"minecraft:stone":8,"minecraft:spruce_fence":1,"minecraft:redstone":470,"minecraft:stone_pressure_plate":4,"minecraft:dark_oak_planks":1,"minecraft:arrow":27,"minecraft:red_shulker_box":22,"minecraft:diamond_chestplate":1,"minecraft:pumpkin_pie":12,"minecraft:hay_block":6,"minecraft:gold_ingot":2,"minecraft:mutton":10,"minecraft:bone_block":34,"minecraft:rail":544,"minecraft:white_wool":30,"minecraft:basalt":116,"minecraft:tripwire_hook":2,"minecraft:cut_sandstone":10,"minecraft:leather":9,"minecraft:fern":1,"minecraft:oak_log":32,"minecraft:ancient_debris":3,"minecraft:golden_boots":1,"minecraft:cobblestone_wall":37,"minecraft:gunpowder":4,"minecraft:cobblestone_stairs":1,"minecraft:blue_bed":6,"minecraft:cooked_mutton":9,"minecraft:stone_bricks":1,"minecraft:iron_ingot":102,"minecraft:stone_pickaxe":1,"minecraft:iron_ore":213,"minecraft:iron_sword":1,"minecraft:soul_sand":27,"minecraft:book":7,"minecraft:scaffolding":48,"minecraft:sweet_berries":14,"minecraft:quartz":42,"minecraft:dandelion":1,"minecraft:gravel":113,"minecraft:spruce_sapling":104,"minecraft:white_bed":5,"minecraft:spruce_log":1611,"minecraft:gold_ore":34,"minecraft:spruce_door":2,"minecraft:spider_eye":4,"minecraft:dragon_egg":1,"minecraft:purple_bed":13,"minecraft:coal":300,"minecraft:hopper":15,"minecraft:ender_pearl":1},"minecraft:broken":{"minecraft:iron_shovel":2,"minecraft:stone_pickaxe":1,"minecraft:diamond_pickaxe":1,"minecraft:wooden_sword":1,"minecraft:wooden_axe":1,"minecraft:golden_chestplate":1,"minecraft:iron_axe":3,"minecraft:iron_pickaxe":8},"minecraft:killed":{"minecraft:spider":10,"minecraft:skeleton":41,"minecraft:silverfish":3,"minecraft:piglin":4,"minecraft:pig":2,"minecraft:iron_golem":6,"minecraft:ender_dragon":1,"minecraft:creeper":6,"minecraft:sheep":9,"minecraft:zombie":65,"minecraft:cow":7,"minecraft:bat":1,"minecraft:villager":11,"minecraft:enderman":1},"minecraft:dropped":{"minecraft:iron_sword":1,"minecraft:diamond":98,"minecraft:leather":6,"minecraft:flint":1,"minecraft:cobblestone_stairs":2,"minecraft:emerald":28,"minecraft:dirt":325,"minecraft:dispenser":1,"minecraft:mutton":5,"minecraft:crimson_roots":4,"minecraft:cut_sandstone":4,"minecraft:gold_nugget":10,"minecraft:bone_meal":14,"minecraft:sand":6,"minecraft:iron_pickaxe":5,"minecraft:white_wool":17,"minecraft:gold_ingot":2,"minecraft:cauldron":1,"minecraft:bone":12,"minecraft:gravel":2,"minecraft:blackstone":42,"minecraft:sugar_cane":9,"minecraft:wheat":6,"minecraft:obsidian":2,"minecraft:grindstone":3,"minecraft:rotten_flesh":28,"minecraft:fern":1,"minecraft:oak_planks":4,"minecraft:end_stone":1,"minecraft:white_bed":1,"minecraft:poppy":8,"minecraft:tipped_arrow":3,"minecraft:gunpowder":2,"minecraft:glowstone":2,"minecraft:hopper":3,"minecraft:stone_brick_wall":1,"minecraft:chest":1,"minecraft:spruce_slab":12,"minecraft:arrow":17,"minecraft:glass":15,"minecraft:podzol":3,"minecraft:warped_wart_block":1,"minecraft:quartz":13,"minecraft:cartography_table":1,"minecraft:netherrack":1292,"minecraft:lectern":5,"minecraft:golden_boots":1,"minecraft:iron_ingot":70,"minecraft:bread":19,"minecraft:wheat_seeds":4,"minecraft:mossy_cobblestone":5,"minecraft:diamond_leggings":2,"minecraft:poisonous_potato":3,"minecraft:cobblestone":1119,"minecraft:book":2,"minecraft:granite":30,"minecraft:spruce_door":1,"minecraft:coal":4,"minecraft:stick":115,"minecraft:end_rod":7,"minecraft:diorite":74,"minecraft:torch":70,"minecraft:map":2,"minecraft:diamond_helmet":1,"minecraft:iron_leggings":1,"minecraft:iron_axe":3,"minecraft:string":235,"minecraft:chiseled_sandstone":3,"minecraft:bucket":5,"minecraft:redstone":8,"minecraft:dandelion":1,"minecraft:spruce_sapling":33,"minecraft:zombie_spawn_egg":1,"minecraft:sweet_berries":2,"minecraft:cobblestone_wall":1,"minecraft:iron_boots":1,"minecraft:stone_slab":4,"minecraft:name_tag":1,"minecraft:oak_sign":10,"minecraft:netherite_leggings":1,"minecraft:potato":6,"minecraft:cobblestone_slab":1,"minecraft:spruce_boat":1,"minecraft:stone":4,"minecraft:diamond_chestplate":1,"minecraft:spruce_trapdoor":6,"minecraft:spruce_planks":38,"minecraft:diamond_pickaxe":4,"minecraft:iron_chestplate":2,"minecraft:andesite":43,"minecraft:pink_shulker_box":1,"minecraft:stone_pressure_plate":4,"minecraft:spider_eye":2,"minecraft:spruce_log":2,"minecraft:bow":2,"minecraft:magma_block":8},"minecraft:crafted":{"minecraft:oak_planks":112,"minecraft:cobblestone_slab":6,"minecraft:oak_sign":12,"minecraft:stone":31,"minecraft:cobblestone_stairs":4,"minecraft:lever":1,"minecraft:bookshelf":7,"minecraft:cooked_mutton":2,"minecraft:glass":280,"minecraft:hopper":17,"minecraft:bow":2,"minecraft:stone_pressure_plate":7,"minecraft:chest":96,"minecraft:rail":96,"minecraft:golden_boots":1,"minecraft:glass_bottle":12,"minecraft:wooden_shovel":1,"minecraft:emerald":254,"minecraft:arrow":192,"minecraft:cauldron":1,"minecraft:crafting_table":12,"minecraft:spruce_planks":5617,"minecraft:wooden_pickaxe":1,"minecraft:iron_helmet":1,"minecraft:spruce_door":3,"minecraft:smithing_table":1,"minecraft:fletching_table":1,"minecraft:spruce_trapdoor":76,"minecraft:lectern":3,"minecraft:iron_chestplate":1,"minecraft:book":3,"minecraft:paper":9,"minecraft:diamond_pickaxe":5,"minecraft:shield":2,"minecraft:stick":8381,"minecraft:stone_slab":6,"minecraft:iron_ingot":289,"minecraft:iron_pickaxe":19,"minecraft:iron_block":8,"minecraft:gold_ingot":50,"minecraft:redstone_torch":53,"minecraft:shears":1,"minecraft:redstone":90,"minecraft:tripwire_hook":2,"minecraft:furnace":6,"minecraft:piston":16,"minecraft:bone_meal":27,"minecraft:flint_and_steel":2,"minecraft:detector_rail":30,"minecraft:iron_axe":15,"minecraft:spruce_wood":33,"minecraft:iron_hoe":3,"minecraft:spruce_slab":24,"minecraft:stone_pickaxe":1,"minecraft:cobblestone_wall":456,"minecraft:spruce_boat":4,"minecraft:redstone_block":35,"minecraft:netherite_scrap":3,"minecraft:observer":16,"minecraft:minecart":5,"minecraft:wheat":54,"minecraft:cooked_beef":7,"minecraft:crossbow":1,"minecraft:spruce_sign":3,"minecraft:powered_rail":42,"minecraft:activator_rail":24,"minecraft:iron_sword":5,"minecraft:bucket":13,"minecraft:stone_axe":1,"minecraft:enchanted_book":1,"minecraft:air":0,"minecraft:bread":384,"minecraft:oak_boat":2,"minecraft:white_wool":119,"minecraft:andesite_slab":6,"minecraft:wooden_axe":1,"minecraft:iron_shovel":4,"minecraft:anvil":3,"minecraft:white_bed":37,"minecraft:pumpkin_pie":24,"minecraft:note_block":1,"minecraft:torch":490},"minecraft:mined":{"minecraft:dark_oak_planks":2,"minecraft:stone_pressure_plate":8,"minecraft:spruce_planks":90,"minecraft:red_shulker_box":21,"minecraft:white_bed":4,"minecraft:cobblestone_stairs":1,"minecraft:obsidian":66,"minecraft:spruce_trapdoor":47,"minecraft:granite":114,"minecraft:grass_block":268,"minecraft:composter":1,"minecraft:hopper":13,"minecraft:magma_block":112,"minecraft:glowstone":2,"minecraft:iron_ore":171,"minecraft:fire":531,"minecraft:fletching_table":6,"minecraft:iron_bars":1,"minecraft:tripwire":7,"minecraft:cut_sandstone":15,"minecraft:blackstone":73,"minecraft:crimson_nylium":14,"minecraft:smoker":2,"minecraft:soul_fire":5,"minecraft:orange_terracotta":5,"minecraft:torch":40,"minecraft:chest":14,"minecraft:nether_quartz_ore":37,"minecraft:glass":118,"minecraft:cobblestone":388,"minecraft:oak_planks":9,"minecraft:sugar_cane":31,"minecraft:grindstone":3,"minecraft:wall_torch":33,"minecraft:cauldron":1,"minecraft:warped_nylium":20,"minecraft:powered_rail":44,"minecraft:wheat":15,"minecraft:activator_rail":14,"minecraft:pumpkin_stem":6,"minecraft:grass":6,"minecraft:oak_log":33,"minecraft:dirt":583,"minecraft:sand":542,"minecraft:ancient_debris":3,"minecraft:stonecutter":2,"minecraft:netherrack":5640,"minecraft:oak_leaves":31,"minecraft:nether_gold_ore":43,"minecraft:pink_shulker_box":25,"minecraft:diamond_ore":31,"minecraft:mossy_cobblestone":20,"minecraft:end_stone":226,"minecraft:spruce_fence":1,"minecraft:crimson_roots":2,"minecraft:redstone_wire":72,"minecraft:spruce_leaves":359,"minecraft:cartography_table":2,"minecraft:sandstone":12,"minecraft:large_fern":20,"minecraft:hay_block":7,"minecraft:redstone_ore":40,"minecraft:chiseled_sandstone":12,"minecraft:andesite":173,"minecraft:detector_rail":21,"minecraft:bell":1,"minecraft:bookshelf":1,"minecraft:potatoes":60,"minecraft:cobblestone_slab":11,"minecraft:rail":390,"minecraft:chorus_plant":7,"minecraft:stone":3459,"minecraft:bone_block":34,"minecraft:redstone_wall_torch":8,"minecraft:white_wool":1,"minecraft:podzol":20,"minecraft:scaffolding":3,"minecraft:soul_sand":21,"minecraft:basalt":116,"minecraft:observer":9,"minecraft:spruce_door":2,"minecraft:crafting_table":6,"minecraft:emerald_ore":7,"minecraft:warped_roots":3,"minecraft:lectern":6,"minecraft:lapis_ore":5,"minecraft:blue_bed":6,"minecraft:diorite":356,"minecraft:warped_wart_block":1,"minecraft:purple_bed":12,"minecraft:cobblestone_wall":36,"minecraft:redstone_torch":18,"minecraft:sweet_berry_bush":12,"minecraft:spruce_log":1673,"minecraft:grass_path":10,"minecraft:coal_ore":242,"minecraft:end_rod":21,"minecraft:gravel":224,"minecraft:cracked_stone_bricks":1,"minecraft:stone_bricks":1,"minecraft:gold_ore":33,"minecraft:infested_stone":5,"minecraft:fern":16},"minecraft:killed_by":{"minecraft:creeper":1,"minecraft:silverfish":1,"minecraft:blaze":1,"minecraft:zombie":3,"minecraft:spider":1,"minecraft:enderman":1,"minecraft:iron_golem":1,"minecraft:ender_dragon":1,"minecraft:skeleton":2}},"DataVersion":2586}