{"stats":{"minecraft:dropped":{"minecraft:dirt":1},"minecraft:used":{"minecraft:stone_sword":24,"minecraft:stone_pickaxe":39,"minecraft:wooden_pickaxe":10,"minecraft:chest":1,"minecraft:shield":14,"minecraft:rotten_flesh":3,"minecraft:torch":6,"minecraft:dirt":1,"minecraft:crafting_table":3,"minecraft:apple":1,"regions_unexplored:maple_sapling":5,"minecraft:spruce_sapling":4,"minecraft:stone_axe":29,"minecraft:cobblestone":12,"minecraft:sweet_berries":15,"minecraft:porkchop":2},"minecraft:mined":{"regions_unexplored:blue_lupine":1,"regions_unexplored:red_lupine":2,"minecraft:grass_block":1,"minecraft:chest":1,"modern_industrialization:nickel_ore":2,"minecraft:spruce_leaves":1,"techreborn:tin_ore":2,"supplementaries:urn":1,"minecraft:iron_ore":5,"minecraft:sweet_berry_bush":7,"treechop:chopped_log":4,"minecraft:grass":1,"minecraft:coal_ore":17,"minecraft:gravel":1,"minecraft:stone":20},"minecraft:killed":{"minecraft:spider":2,"naturalist:boar":1,"minecraft:skeleton":1,"minecraft:zombie":3},"minecraft:picked_up":{"techreborn:raw_tin":2,"minecraft:flint":1,"regions_unexplored:red_lupine":1,"minecraft:dirt":3,"minecraft:raw_copper":5,"minecraft:apple":1,"minecraft:wheat_seeds":1,"twigs:twig":7,"minecraft:chest":1,"minecraft:stick":6,"minecraft:raw_iron":5,"minecraft:sweet_berries":15,"regions_unexplored:blue_lupine":1,"minecraft:porkchop":2,"minecraft:spruce_sapling":4,"minecraft:spruce_log":18,"minecraft:rotten_flesh":3,"modern_industrialization:raw_nickel":2,"regions_unexplored:maple_sapling":5,"immersive_armors:robe_leggings":1,"archon:thunder_strike_tome":1,"regions_unexplored:maple_log":18,"mcda:emerald_gear_helmet":1,"minecraft:coal":16,"minecraft:cobblestone":19},"minecraft:crafted":{"minecraft:crafting_table":3,"regions_unexplored:maple_planks":72,"minecraft:wooden_pickaxe":1,"minecraft:stone_axe":1,"ironchests:blank_chest_upgrade":1,"minecraft:stick":4,"minecraft:stone_pickaxe":1,"minecraft:chest":1,"minecraft:torch":16},"minecraft:custom":{"minecraft:interact_with_furnace":1,"lootr:looted_stat":3,"minecraft:mob_kills":8,"minecraft:interact_with_cartography_table":1,"minecraft:interact_with_crafting_table":13,"minecraft:damage_dealt_resisted":0,"minecraft:leave_game":1,"minecraft:time_since_death":4176,"minecraft:sleep_in_bed":5,"minecraft:hex":0,"minecraft:time_since_rest":4202,"minecraft:sprint_one_cm":123860,"minecraft:damage_taken":507,"minecraft:walk_one_cm":180950,"minecraft:damage_blocked_by_shield":375,"minecraft:drop":1,"minecraft:damage_dealt":1270,"minecraft:swim_one_cm":2684,"minecraft:talked_to_villager":5,"minecraft:fly_one_cm":183128,"minecraft:open_chest":1,"minecraft:crouch_one_cm":2641,"minecraft:play_time":66155,"minecraft:deaths":1,"minecraft:sneak_time":577,"minecraft:walk_under_water_one_cm":897,"minecraft:jump":934,"minecraft:walk_on_water_one_cm":4017,"minecraft:total_world_time":66155,"minecraft:fall_one_cm":25392}},"DataVersion":3465}