{"stats":{"minecraft:killed":{"minecraft:piglin":6,"minecraft:iron_golem":1,"minecraft:hoglin":2,"minecraft:zombie":3,"minecraft:enderman":7},"minecraft:custom":{"minecraft:interact_with_furnace":2,"minecraft:mob_kills":19,"minecraft:interact_with_crafting_table":11,"minecraft:play_one_minute":62825,"minecraft:leave_game":1,"minecraft:time_since_death":4668,"minecraft:sleep_in_bed":2,"minecraft:climb_one_cm":1337,"minecraft:time_since_rest":4734,"minecraft:sprint_one_cm":232637,"minecraft:damage_taken":3650,"minecraft:walk_one_cm":183443,"minecraft:damage_blocked_by_shield":823,"minecraft:drop":41,"minecraft:damage_dealt":5303,"minecraft:fly_one_cm":171138,"minecraft:open_chest":29,"minecraft:crouch_one_cm":2918,"minecraft:deaths":7,"minecraft:sneak_time":660,"minecraft:walk_under_water_one_cm":323,"minecraft:jump":1342,"minecraft:interact_with_blast_furnace":2,"minecraft:walk_on_water_one_cm":2734,"minecraft:fall_one_cm":47002},"minecraft:used":{"minecraft:poppy":1,"minecraft:blackstone":13,"minecraft:ender_pearl":2,"minecraft:shield":20,"minecraft:netherrack":28,"minecraft:warped_roots":1,"minecraft:torch":15,"minecraft:dirt":1,"minecraft:warped_wart_block":1,"minecraft:crafting_table":2,"minecraft:granite":2,"minecraft:iron_axe":75,"minecraft:bread":39,"minecraft:iron_pickaxe":92,"minecraft:warped_nylium":3,"minecraft:gravel":10,"minecraft:diamond_sword":34,"minecraft:cobblestone":135},"minecraft:crafted":{"minecraft:diamond_sword":1,"minecraft:spruce_planks":48,"minecraft:iron_helmet":1,"minecraft:iron_boots":1,"minecraft:iron_chestplate":1,"minecraft:diamond_pickaxe":1,"minecraft:shield":1,"minecraft:stick":12,"minecraft:iron_pickaxe":2,"minecraft:gold_ingot":8,"minecraft:iron_leggings":1,"minecraft:torch":44},"minecraft:mined":{"minecraft:nether_gold_ore":19,"minecraft:crimson_nylium":7,"minecraft:crafting_table":3,"minecraft:torch":1,"minecraft:grass_block":1,"minecraft:warped_roots":2,"minecraft:crimson_roots":4,"minecraft:cobblestone":3,"minecraft:spruce_leaves":1,"minecraft:warped_wart_block":1,"minecraft:weeping_vines_plant":1,"minecraft:warped_nylium":1,"minecraft:fire":16,"minecraft:spruce_log":12,"minecraft:warped_fungus":3,"minecraft:coal_ore":23,"minecraft:stone":10,"minecraft:netherrack":29,"minecraft:oak_leaves":5,"minecraft:fern":2},"minecraft:killed_by":{"minecraft:piglin":1,"minecraft:zombie":1},"minecraft:picked_up":{"minecraft:crafting_table":3,"minecraft:splash_potion":1,"minecraft:leather":8,"minecraft:nether_brick":2,"minecraft:dirt":1,"minecraft:bone":3,"minecraft:blackstone":13,"minecraft:gold_nugget":79,"minecraft:iron_ingot":4,"minecraft:iron_nugget":35,"minecraft:poppy":1,"minecraft:warped_fungus":3,"minecraft:torch":1,"minecraft:warped_wart_block":1,"minecraft:quartz":10,"minecraft:gravel":10,"minecraft:porkchop":3,"minecraft:spruce_log":12,"minecraft:crying_obsidian":1,"minecraft:spectral_arrow":8,"minecraft:arrow":3,"minecraft:rotten_flesh":6,"minecraft:diamond":3,"minecraft:granite":2,"minecraft:bread":56,"minecraft:gold_ingot":13,"minecraft:warped_roots":1,"minecraft:coal":23,"minecraft:netherrack":36,"minecraft:warped_nylium":3,"minecraft:obsidian":2,"minecraft:crimson_roots":4,"minecraft:cobblestone":10,"minecraft:ender_pearl":3},"minecraft:dropped":{"minecraft:iron_ingot":6,"minecraft:iron_nugget":35,"minecraft:rotten_flesh":4,"minecraft:arrow":3,"minecraft:splash_potion":1,"minecraft:bone":3,"minecraft:gold_ingot":23}},"DataVersion":2586}