{"stats":{"minecraft:crafted":{"regions_unexplored:maple_planks":60,"minecraft:furnace":3,"runes:arcane_stone":4,"techreborn:lead_ingot":25,"wizards:wand_arcane":1,"techreborn:tin_ingot":10,"minecraft:stone_pickaxe":1,"minecraft:chest":1,"modern_industrialization:antimony_ingot":2,"minecraft:crafting_table":4,"minecraft:wooden_pickaxe":1,"minecraft:copper_ingot":7,"paladins:diamond_holy_staff":1,"minecraft:air":0,"spellbladenext:blazing_head":1,"techreborn:nickel_ingot":2,"techreborn:silver_ingot":7,"mcda:emerald_gear_helmet":2,"minecraft:stick":12,"minecraft:iron_ingot":21,"minecraft:iron_pickaxe":1,"minecraft:wooden_axe":1,"powah:uraninite":5,"minecraft:torch":16,"create:zinc_ingot":20},"minecraft:used":{"minecraft:stone_sword":113,"minecraft:chest":2,"minecraft:shield":18,"minecells:assassins_dagger":1,"regions_unexplored:maple_planks":1,"minecraft:torch":7,"regions_unexplored:red_lupine":1,"minecraft:wooden_axe":21,"simplyswords:stars_edge":1,"simplyswords:iron_scythe":49,"minecraft:furnace":4,"minecraft:water_bucket":9,"minecraft:stone_pickaxe":37,"minecraft:wooden_pickaxe":6,"minecraft:green_bed":1,"minecraft:crafting_table":9,"minecraft:smoker":2,"minecraft:bread":21,"minecraft:cyan_bed":7,"minecraft:iron_pickaxe":202,"minecraft:gravel":5,"minecraft:cobblestone":11,"minecraft:bucket":10,"wizards:wand_arcane":2},"minecraft:dropped":{"brewery:barley":1,"regions_unexplored:fireweed":1,"minecraft:wheat_seeds":42,"brewery:barley_seeds":6,"minecraft:glass_bottle":3,"minecraft:cookie":1,"minecraft:cobblestone":5,"minecells:arcane_goo":1,"minecraft:coal":8,"minecraft:red_mushroom":1,"minecraft:item_frame":2,"minecraft:stick":12,"minecells:bloomrock":1,"minecells:infected_flesh":2,"techreborn:raw_tin":1,"minecraft:wooden_axe":1,"minecraft:rose_bush":1,"minecraft:fire_charge":3,"minecells:metal_shards":1,"minecraft:iron_pickaxe":2,"minecraft:string":4,"travelersbackpack:backpack_tank":2,"bewitchment:belladonna_seeds":1,"twigs:twig":3,"minecraft:gravel":2,"minecraft:player_head":1,"minecraft:iron_nugget":3,"minecraft:cooked_chicken":1,"minecraft:stone_sword":1,"minecraft:wheat":8,"minecraft:raw_iron":3,"minecraft:rotten_flesh":11,"regions_unexplored:maple_sapling":3,"archon:thunder_strike_tome":1,"simplyswords:iron_scythe":1,"minecraft:shield":1,"minecraft:gunpowder":1,"minecraft:andesite":2,"minecraft:acacia_sapling":6,"minecraft:oak_sapling":7,"minecells:guts":5,"immersive_armors:robe_leggings":1,"minecraft:wooden_pickaxe":2,"mcda:emerald_gear_helmet":2,"regions_unexplored:blue_lupine":2,"minecraft:cyan_bed":1},"minecraft:custom":{"lootr:looted_stat":32,"minecraft:mob_kills":37,"minecraft:interact_with_crafting_table":29,"minecraft:damage_dealt_resisted":0,"minecraft:eat_cake_slice":7,"minecraft:leave_game":4,"minecraft:time_since_death":111976,"minecraft:climb_one_cm":2966,"minecraft:damage_resisted":0,"minecraft:sprint_one_cm":228752,"minecraft:walk_one_cm":270731,"minecraft:damage_blocked_by_shield":907,"minecraft:drop":76,"minecraft:talked_to_villager":8,"minecraft:play_time":111976,"minecraft:sneak_time":271,"minecraft:walk_under_water_one_cm":150,"minecraft:jump":1207,"minecraft:walk_on_water_one_cm":4489,"minecraft:total_world_time":111976,"minecraft:interact_with_furnace":62,"minecraft:interact_with_cartography_table":2,"minecraft:tune_noteblock":2,"minecraft:interact_with_loom":1,"minecraft:sleep_in_bed":7,"minecraft:hex":0,"minecraft:time_since_rest":23791,"minecraft:damage_taken":600,"minecraft:damage_absorbed":28,"minecraft:damage_dealt":6737,"minecraft:fly_one_cm":199271,"minecraft:open_chest":10,"minecraft:crouch_one_cm":487,"minecraft:interact_with_smoker":3,"minecraft:fall_one_cm":24938},"minecraft:mined":{"create:zinc_ore":20,"techreborn:sapphire_ore":16,"minecells:putrid_fence":1,"regions_unexplored:blue_lupine":2,"regions_unexplored:maple_log":1,"minecraft:brewing_stand":1,"minecraft:grass_block":1,"techreborn:bauxite_ore":9,"minecraft:spruce_leaves":1,"minecraft:furnace":4,"techreborn:lead_ore":25,"minecraft:iron_ore":13,"minecraft:andesite":2,"treechop:chopped_log":2,"bewitchment:salt_ore":23,"powah:uraninite_ore_poor":5,"regions_unexplored:medium_grass":3,"minecraft:stone":56,"minecraft:player_head":1,"regions_unexplored:red_lupine":2,"minecraft:smoker":1,"minecraft:crafting_table":6,"minecraft:chest":1,"minecraft:rose_bush":1,"modern_industrialization:nickel_ore":2,"minecraft:tall_grass":3,"minecraft:copper_ore":2,"minecraft:cyan_bed":7,"techreborn:tin_ore":10,"minecells:bloomrock":1,"regions_unexplored:hyssop":1,"techreborn:silver_ore":7,"minecells:broken_cage":1,"techreborn:ruby_ore":10,"modern_industrialization:antimony_ore":2,"minecraft:jukebox":1,"minecraft:grass":1,"minecraft:coal_ore":20,"minecraft:gravel":9,"minecraft:dirt":2,"soulsweapons:verglas_ore":1},"minecraft:killed":{"minecells:mutated_bat":2,"minecraft:spider":3,"minecells:undead_archer":1,"minecraft:skeleton":1,"minecells:leaping_zombie":6,"minecells:protector":1,"minecells:grenadier":4,"mythicmobs:mushroom_thing":1,"minecells:runner":2,"minecraft:zombie":9,"minecraft:enderman":1},"minecraft:picked_up":{"techreborn:raw_tin":11,"minecraft:charcoal":2,"minecraft:crafting_table":5,"minecraft:wooden_pickaxe":1,"regions_unexplored:maple_planks":45,"minecraft:brewing_stand":1,"minecraft:shield":1,"minecraft:string":4,"minecraft:raw_copper":7,"minecraft:item_frame":2,"techreborn:raw_silver":7,"minecraft:rose_bush":1,"minecraft:player_head":2,"minecraft:iron_pickaxe":1,"minecraft:chest":1,"minecraft:furnace":5,"minecells:guts":10,"minecraft:stick":17,"minecraft:raw_iron":16,"minecraft:green_bed":1,"minecells:arcane_goo":1,"techreborn:ruby_gem":17,"regions_unexplored:blue_lupine":2,"minecraft:cookie":1,"minecraft:rotten_flesh":23,"simplyswords:iron_scythe":2,"regions_unexplored:maple_sapling":3,"minecraft:cobblestone":54,"modern_industrialization:raw_antimony":2,"minecraft:andesite":2,"minecraft:smoker":2,"minecraft:red_mushroom":1,"create:raw_zinc":20,"regions_unexplored:red_lupine":1,"minecraft:gunpowder":1,"minecraft:apple":2,"minecraft:wheat_seeds":5,"minecraft:cooked_chicken":1,"twigs:twig":5,"minecells:monster_cell":8,"minecells:infected_flesh":3,"techreborn:raw_lead":25,"minecraft:gravel":11,"bewitchment:belladonna_seeds":1,"bewitchment:salt":36,"powah:uraninite_raw":5,"minecells:metal_shards":1,"minecraft:cyan_bed":8,"techreborn:sapphire_gem":25,"techreborn:red_garnet_gem":4,"techreborn:bauxite_ore":9,"techreborn:peridot_gem":9,"modern_industrialization:raw_nickel":2,"regions_unexplored:fireweed":1,"minecells:explosive_bulb":2,"regions_unexplored:maple_log":15,"minecells:bloomrock":1,"soulsweapons:verglas":1,"minecraft:coal":34}},"DataVersion":3465}