{"stats":{"minecraft:crafted":{"regions_unexplored:maple_planks":60,"regions_unexplored:larch_planks":176,"runes:arcane_stone":4,"travelersbackpack:diamond":1,"minecraft:bookshelf":29,"minecraft:glass":6,"techreborn:lead_ingot":25,"wizards:wand_arcane":1,"minecraft:chest":2,"modern_industrialization:antimony_ingot":2,"minecraft:crafting_table":5,"minecraft:spruce_planks":64,"minecraft:wooden_pickaxe":1,"travelersbackpack:standard":1,"minecraft:copper_ingot":7,"techreborn:silver_ingot":7,"mcda:emerald_gear_helmet":2,"minecraft:stick":24,"minecraft:iron_ingot":21,"minecraft:iron_pickaxe":1,"minecraft:iron_block":3,"minecraft:gold_ingot":27,"powah:uraninite":5,"minecraft:furnace":3,"travelersbackpack:white_sleeping_bag":1,"minecraft:iron_axe":6,"techreborn:tin_ingot":10,"minecraft:stone_pickaxe":1,"travelersbackpack:backpack_tank":2,"paladins:diamond_holy_staff":1,"minecraft:air":0,"spellbladenext:blazing_head":1,"extraspellattributes:arcanebracer":1,"techreborn:nickel_ingot":2,"minecraft:wooden_axe":1,"minecraft:anvil":1,"minecraft:torch":16,"create:zinc_ingot":20},"minecraft:used":{"minecraft:chest":2,"minecraft:shield":18,"minecells:assassins_dagger":78,"travelersbackpack:diamond":10,"minecraft:iron_chestplate":1,"simplyswords:diamond_twinblade":8,"regions_unexplored:red_lupine":1,"minecraft:spruce_wood":2,"minecraft:lantern":1,"minecraft:music_disc_ward":1,"simplyswords:iron_scythe":189,"minecraft:furnace":10,"minecraft:dark_oak_stairs":2,"minecraft:stone_pickaxe":37,"minecraft:dark_oak_sign":2,"minecraft:wooden_pickaxe":6,"minecraft:white_wool":2,"simplyswords:mjolnir":25,"minecraft:cyan_bed":9,"minecraft:bread":36,"minecraft:gravel":5,"minecraft:nether_wart_block":1,"wizards:wand_arcane":2,"minecraft:enchanting_table":2,"minecraft:stone_sword":113,"minecraft:armor_stand":1,"simplyswords:iron_warglaive":2,"regions_unexplored:maple_planks":3,"minecraft:torch":7,"minecraft:anvil":1,"minecraft:wooden_axe":21,"minecraft:bookshelf":34,"paladins:golden_claymore":21,"minecraft:iron_axe":22,"minecraft:iron_boots":1,"simplyswords:stars_edge":19,"minecraft:cooked_beef":2,"minecraft:water_bucket":11,"minecraft:green_bed":1,"minecraft:crafting_table":14,"minecraft:painting":5,"minecraft:smoker":2,"minecraft:piston":3,"minecraft:dark_prismarine":29,"minecraft:iron_pickaxe":264,"minecraft:cobblestone":11,"minecraft:bucket":12},"minecraft:dropped":{"naturalist:antler":1,"minecraft:cooked_beef":1,"minecraft:glass_bottle":3,"minecraft:diamond":8,"minecraft:crafting_table":2,"minecraft:cookie":1,"minecraft:leather":1,"minecells:arcane_goo":1,"travelersbackpack:standard":2,"minecraft:red_mushroom":1,"minecraft:item_frame":2,"minecells:infected_flesh":4,"techreborn:raw_tin":1,"regions_unexplored:golden_larch_sapling":7,"minecraft:sand":5,"minecraft:iron_pickaxe":2,"travelersbackpack:backpack_tank":2,"ftbquests:book":1,"minecraft:white_wool":1,"bewitchment:belladonna_seeds":1,"twigs:twig":3,"minecraft:gravel":2,"minecraft:iron_nugget":3,"minecraft:cooked_chicken":1,"naturalist:cooked_venison":2,"minecraft:wheat":8,"minecraft:rotten_flesh":12,"regions_unexplored:maple_sapling":3,"archon:thunder_strike_tome":1,"patchouli:guide_book":1,"minecraft:chainmail_chestplate":1,"modern_industrialization:antimony_ingot":4,"minecraft:gunpowder":1,"minecraft:acacia_sapling":6,"simplyswords:mjolnir":2,"minecraft:iron_ingot":32,"minecraft:enchanted_book":1,"minecraft:bread":20,"brewery:barley":1,"regions_unexplored:fireweed":1,"minecraft:wheat_seeds":42,"brewery:barley_seeds":6,"minecraft:bookshelf":1,"minecraft:cobblestone":5,"minecraft:coal":8,"minecraft:stick":16,"minecells:bloomrock":1,"minecraft:golden_carrot":1,"minecells:putrid_fence":1,"minecraft:nether_wart_block":2,"minecells:explosive_bulb":1,"minecraft:wooden_axe":1,"minecraft:rose_bush":1,"minecraft:fire_charge":3,"minecells:metal_shards":7,"minecraft:string":5,"minecraft:player_head":1,"minecraft:stone_sword":1,"minecraft:raw_iron":3,"simplyswords:iron_scythe":1,"minecraft:shield":1,"minecraft:andesite":2,"minecraft:oak_sapling":7,"minecells:guts":5,"minecraft:spider_eye":1,"immersive_armors:robe_leggings":1,"minecraft:blue_orchid":1,"minecraft:wooden_pickaxe":2,"mcda:emerald_gear_helmet":2,"minecraft:dark_prismarine":2,"minecraft:cyan_bed":2,"regions_unexplored:blue_lupine":2},"minecraft:mined":{"minecells:putrid_fence":3,"regions_unexplored:blue_lupine":2,"regions_unexplored:maple_planks":1,"regions_unexplored:maple_log":1,"minecraft:brewing_stand":1,"minecraft:spruce_trapdoor":3,"minecraft:grass_block":1,"minecraft:iron_ore":13,"minecraft:pumpkin":1,"minecraft:enchanting_table":1,"minecraft:dark_oak_stairs":2,"minecells:wilted_wall_leaves":1,"powah:uraninite_ore_poor":5,"minecraft:spruce_wood":2,"minecraft:player_head":1,"regions_unexplored:red_lupine":2,"supplementaries:book_pile":1,"minecraft:smoker":1,"regions_unexplored:peat_grass_block":1,"minecraft:chest":1,"minecraft:cyan_bed":10,"minecells:bloomrock":1,"regions_unexplored:hyssop":1,"techreborn:silver_ore":7,"minecells:broken_cage":1,"minecraft:nether_wart_block":2,"minecraft:jukebox":2,"minecraft:grass":2,"minecraft:dirt":2,"minecraft:piston":3,"soulsweapons:verglas_ore":1,"create:zinc_ore":20,"techreborn:sapphire_ore":16,"minecraft:dark_prismarine":34,"techreborn:bauxite_ore":9,"minecraft:spruce_leaves":1,"frostiful:hot_sun_lichen":1,"minecraft:large_fern":2,"minecraft:hay_block":3,"minecraft:furnace":6,"techreborn:lead_ore":25,"minecraft:andesite":2,"treechop:chopped_log":2,"minecraft:gold_block":1,"minecraft:bookshelf":8,"bewitchment:salt_ore":23,"minecraft:lantern":1,"regions_unexplored:medium_grass":4,"minecraft:stone":56,"minecraft:white_wool":2,"fastpaintings:painting":4,"minecraft:spruce_door":1,"minecraft:crafting_table":10,"minecraft:rose_bush":1,"modern_industrialization:nickel_ore":2,"minecraft:tall_grass":3,"minecraft:copper_ore":2,"techreborn:tin_ore":10,"minecraft:dark_oak_wall_sign":2,"techreborn:ruby_ore":10,"modern_industrialization:antimony_ore":2,"minecraft:coal_ore":20,"minecraft:gravel":9},"minecraft:custom":{"lootr:looted_stat":49,"minecraft:interact_with_crafting_table":60,"minecraft:eat_cake_slice":13,"minecraft:leave_game":5,"minecraft:time_since_death":226909,"minecraft:damage_resisted":66,"minecraft:sprint_one_cm":485133,"minecraft:damage_blocked_by_shield":1080,"minecraft:drop":151,"minecraft:talked_to_villager":8,"minecraft:play_time":226909,"minecraft:jump":2469,"minecraft:walk_on_water_one_cm":15471,"minecraft:interact_with_furnace":72,"minecraft:play_record":1,"minecraft:interact_with_cartography_table":2,"minecraft:interact_with_loom":1,"minecraft:sleep_in_bed":12,"minecraft:damage_dealt":18096,"minecraft:crouch_one_cm":831,"minecraft:interact_with_smoker":3,"minecraft:mob_kills":98,"minecraft:interact_with_anvil":2,"minecraft:damage_dealt_resisted":0,"minecraft:climb_one_cm":3014,"minecraft:walk_one_cm":626391,"minecraft:sneak_time":483,"minecraft:walk_under_water_one_cm":1980,"minecraft:total_world_time":226909,"minecraft:tune_noteblock":2,"minecraft:interact_with_grindstone":2,"minecraft:hex":0,"minecraft:time_since_rest":23094,"minecraft:damage_taken":1169,"minecraft:damage_absorbed":956,"minecraft:fly_one_cm":504269,"minecraft:open_chest":10,"minecraft:threat":3,"minecraft:fall_one_cm":60914},"minecraft:killed":{"graveyard:skeleton_creeper":1,"minecraft:spider":3,"minecraft:skeleton":1,"minecells:leaping_zombie":25,"minecells:grenadier":5,"minecells:protector":4,"mythicmobs:mushroom_thing":1,"minecraft:creeper":1,"minecraft:zombie":13,"minecraft:glow_squid":1,"minecraft:cow":3,"minecells:mutated_bat":4,"promenade:duck":1,"graveyard:revenant":1,"minecells:undead_archer":1,"naturalist:deer":1,"minecells:runner":6,"mythicmobs:drake":2,"mutantmonsters:mutant_zombie":1,"minecraft:enderman":1},"minecraft:broken":{"minecraft:iron_boots":1,"simplyswords:iron_scythe":1,"paladins:paladin_armor_legs":1},"minecraft:picked_up":{"techreborn:raw_tin":11,"minecraft:enchanted_book":1,"regions_unexplored:maple_planks":53,"minecraft:brewing_stand":1,"minecraft:string":7,"minecraft:raw_copper":7,"minecraft:armor_stand":1,"regions_unexplored:larch_log":44,"minecraft:rose_bush":1,"minecraft:iron_pickaxe":1,"minecraft:furnace":7,"minecells:guts":10,"minecraft:stick":21,"minecraft:jukebox":1,"minecraft:green_bed":1,"minecells:putrid_fence":1,"mutantmonsters:hulk_hammer":1,"minecraft:rotten_flesh":26,"minecraft:music_disc_ward":2,"minecraft:bookshelf":6,"minecraft:cobblestone":54,"regions_unexplored:golden_larch_sapling":7,"minecraft:enchanting_table":2,"minecraft:cooked_beef":6,"minecraft:andesite":2,"minecraft:smoker":2,"create:raw_zinc":20,"minecraft:lantern":1,"minecraft:glass":6,"minecraft:wheat_seeds":5,"ftbquests:book":1,"minecraft:dark_oak_sign":2,"twigs:twig":11,"patchouli:guide_book":1,"techreborn:raw_lead":25,"minecraft:sand":17,"simplyswords:mjolnir":2,"minecells:metal_shards":7,"minecraft:cyan_bed":11,"techreborn:sapphire_gem":25,"techreborn:red_garnet_gem":4,"techreborn:bauxite_ore":9,"minecraft:dark_prismarine":35,"techreborn:peridot_gem":9,"naturalist:antler":1,"minecraft:diamond":27,"minecells:explosive_bulb":4,"minecells:bloomrock":1,"frostiful:wolf_fur_tuft":4,"soulsweapons:verglas":1,"minecraft:chainmail_helmet":1,"minecraft:crafting_table":11,"minecraft:charcoal":2,"minecraft:wooden_pickaxe":1,"minecraft:gold_block":1,"minecraft:shield":1,"minecraft:item_frame":2,"graveyard:corruption":1,"techreborn:raw_silver":7,"minecraft:player_head":2,"minecraft:chest":1,"minecraft:piston":3,"minecraft:spruce_trapdoor":3,"minecraft:raw_iron":16,"minecells:arcane_goo":1,"regions_unexplored:blue_lupine":2,"techreborn:ruby_gem":17,"minecraft:cookie":1,"regions_unexplored:maple_sapling":3,"simplyswords:iron_scythe":2,"minecraft:hay_block":3,"minecraft:white_wool":7,"modern_industrialization:raw_antimony":2,"minecraft:golden_carrot":1,"minecraft:leather":5,"minecraft:red_mushroom":1,"minecraft:chainmail_chestplate":1,"regions_unexplored:red_lupine":1,"minecraft:nether_wart_block":3,"minecraft:gunpowder":1,"minecraft:cooked_mutton":1,"minecraft:apple":2,"modern_industrialization:antimony_ingot":4,"minecraft:spruce_wood":2,"minecraft:cooked_chicken":1,"minecraft:dark_oak_stairs":2,"minecraft:book":89,"naturalist:cooked_venison":2,"minecraft:pumpkin":1,"minecells:monster_cell":20,"minecells:infected_flesh":5,"minecraft:gravel":11,"bewitchment:belladonna_seeds":1,"bewitchment:salt":36,"powah:uraninite_raw":5,"minecraft:spruce_log":16,"minecraft:spruce_door":1,"minecraft:spider_eye":1,"travelersbackpack:standard":2,"modern_industrialization:raw_nickel":2,"regions_unexplored:fireweed":1,"minecraft:painting":5,"regions_unexplored:maple_log":15,"minecraft:coal":34}},"DataVersion":3465}