{"stats":{"minecraft:dropped":{"brewery:barley":1,"regions_unexplored:fireweed":1,"minecraft:wheat_seeds":42,"minecraft:iron_nugget":3,"brewery:barley_seeds":6,"minecraft:glass_bottle":3,"minecraft:cobblestone":1,"regions_unexplored:maple_sapling":3,"archon:thunder_strike_tome":1,"minecraft:red_mushroom":1,"minecraft:item_frame":2,"minecraft:stick":8,"minecraft:rose_bush":1,"minecraft:oak_sapling":7,"minecraft:acacia_sapling":6,"minecraft:wooden_pickaxe":1,"regions_unexplored:blue_lupine":2,"bewitchment:belladonna_seeds":1,"twigs:twig":3},"minecraft:used":{"minecraft:water_bucket":7,"minecraft:stone_sword":11,"minecraft:stone_pickaxe":37,"minecraft:shield":4,"minecraft:chest":1,"minecraft:wooden_pickaxe":6,"regions_unexplored:red_lupine":1,"minecraft:crafting_table":5,"minecraft:wooden_axe":19,"minecraft:cyan_bed":4,"minecraft:bread":8,"minecraft:iron_pickaxe":16,"minecraft:cobblestone":11,"minecraft:bucket":8},"minecraft:mined":{"techreborn:sapphire_ore":2,"regions_unexplored:blue_lupine":2,"regions_unexplored:red_lupine":2,"regions_unexplored:maple_log":1,"minecraft:smoker":1,"minecraft:crafting_table":4,"minecraft:brewing_stand":1,"minecraft:chest":1,"minecraft:rose_bush":1,"minecraft:tall_grass":3,"minecraft:spruce_leaves":1,"minecraft:cyan_bed":6,"minecraft:iron_ore":3,"minecraft:jukebox":1,"treechop:chopped_log":2,"minecraft:grass":1,"minecraft:coal_ore":20,"bewitchment:salt_ore":14,"regions_unexplored:medium_grass":2,"minecraft:stone":17,"minecraft:player_head":1},"minecraft:killed":{"minecraft:zombie":1,"mythicmobs:mushroom_thing":1},"minecraft:picked_up":{"minecraft:crafting_table":3,"minecraft:wooden_pickaxe":1,"minecraft:smoker":1,"minecraft:red_mushroom":1,"regions_unexplored:maple_planks":18,"regions_unexplored:red_lupine":1,"minecraft:brewing_stand":1,"minecraft:item_frame":2,"minecraft:apple":2,"minecraft:wheat_seeds":5,"minecraft:cooked_chicken":1,"minecraft:rose_bush":1,"minecraft:player_head":1,"twigs:twig":5,"minecraft:chest":1,"minecraft:stick":17,"minecraft:raw_iron":3,"regions_unexplored:blue_lupine":2,"bewitchment:belladonna_seeds":1,"bewitchment:salt":24,"minecraft:cookie":1,"minecraft:cyan_bed":6,"techreborn:sapphire_gem":4,"techreborn:peridot_gem":1,"regions_unexplored:fireweed":1,"regions_unexplored:maple_sapling":3,"regions_unexplored:maple_log":15,"minecraft:coal":20,"minecraft:cobblestone":15},"minecraft:crafted":{"minecraft:crafting_table":2,"minecraft:wooden_pickaxe":1,"regions_unexplored:maple_planks":60,"minecraft:stick":8,"minecraft:iron_pickaxe":1,"minecraft:stone_pickaxe":1,"minecraft:wooden_axe":1,"minecraft:chest":1},"minecraft:custom":{"lootr:looted_stat":18,"minecraft:mob_kills":2,"minecraft:interact_with_cartography_table":1,"minecraft:interact_with_crafting_table":18,"minecraft:tune_noteblock":2,"minecraft:interact_with_loom":1,"minecraft:damage_dealt_resisted":0,"minecraft:eat_cake_slice":7,"minecraft:leave_game":3,"minecraft:time_since_death":62703,"minecraft:sleep_in_bed":3,"minecraft:climb_one_cm":2606,"minecraft:hex":0,"minecraft:time_since_rest":23120,"minecraft:sprint_one_cm":142194,"minecraft:damage_taken":223,"minecraft:walk_one_cm":142214,"minecraft:damage_blocked_by_shield":190,"minecraft:drop":28,"minecraft:damage_dealt":424,"minecraft:talked_to_villager":8,"minecraft:fly_one_cm":124805,"minecraft:open_chest":2,"minecraft:crouch_one_cm":486,"minecraft:play_time":62703,"minecraft:sneak_time":245,"minecraft:walk_under_water_one_cm":150,"minecraft:jump":587,"minecraft:walk_on_water_one_cm":4443,"minecraft:interact_with_smoker":1,"minecraft:total_world_time":62703,"minecraft:fall_one_cm":13542}},"DataVersion":3465}