{"stats":{"minecraft:broken":{"minecraft:iron_pickaxe":2},"minecraft:dropped":{"minecraft:enchanted_book":5,"minecraft:golden_boots":1,"minecraft:iron_ingot":157,"minecraft:bread":20,"minecraft:iron_sword":1,"minecraft:soul_sand":28,"minecraft:wheat_seeds":1,"minecraft:lapis_lazuli":47,"minecraft:diamond":66,"minecraft:crafting_table":1,"minecraft:diamond_leggings":1,"minecraft:cobblestone":442,"minecraft:warped_roots":4,"minecraft:spectral_arrow":108,"minecraft:leather":26,"minecraft:rail":143,"minecraft:grass_block":1,"minecraft:stick":320,"minecraft:lava_bucket":1,"minecraft:dirt":26,"minecraft:diorite":8,"minecraft:torch":12,"minecraft:diamond_helmet":1,"minecraft:fire_charge":8,"minecraft:potion":3,"minecraft:gold_nugget":21,"minecraft:pumpkin_pie":1,"minecraft:iron_axe":6,"minecraft:iron_pickaxe":2,"minecraft:string":93,"minecraft:lapis_block":11,"minecraft:redstone":295,"minecraft:gold_ingot":204,"minecraft:bone":14,"minecraft:gravel":160,"minecraft:sweet_berries":3,"minecraft:blackstone":174,"minecraft:sugar_cane":26,"minecraft:warped_nylium":8,"minecraft:iron_nugget":61,"minecraft:nether_brick":75,"minecraft:obsidian":5,"minecraft:chicken":1,"minecraft:rotten_flesh":16,"minecraft:oak_planks":13,"minecraft:iron_boots":4,"minecraft:fern":1,"minecraft:name_tag":3,"minecraft:golden_shovel":1,"minecraft:nether_bricks":10,"minecraft:carrot":1,"minecraft:diamond_sword":1,"minecraft:potato":2,"minecraft:diamond_chestplate":1,"minecraft:spruce_planks":3,"minecraft:diamond_pickaxe":1,"minecraft:charcoal":2,"minecraft:ladder":1,"minecraft:golden_sword":1,"minecraft:spider_eye":4,"minecraft:stone_bricks":1,"minecraft:diamond_boots":1,"minecraft:iron_ore":6,"minecraft:arrow":5,"minecraft:crying_obsidian":29,"minecraft:quartz":48,"minecraft:splash_potion":1,"minecraft:netherrack":22},"minecraft:killed":{"minecraft:zombified_piglin":1,"minecraft:witch":1,"minecraft:spider":6,"minecraft:skeleton":13,"minecraft:silverfish":1,"minecraft:magma_cube":3,"minecraft:piglin":8,"minecraft:iron_golem":1,"minecraft:hoglin":2,"minecraft:creeper":2,"minecraft:zombie":33,"minecraft:wither_skeleton":2,"minecraft:blaze":20,"minecraft:enderman":22},"minecraft:custom":{"minecraft:interact_with_anvil":14,"minecraft:mob_kills":116,"minecraft:interact_with_crafting_table":55,"minecraft:leave_game":22,"minecraft:time_since_death":6706,"minecraft:climb_one_cm":2448,"minecraft:sprint_one_cm":1058917,"minecraft:walk_one_cm":1034258,"minecraft:damage_blocked_by_shield":2938,"minecraft:drop":357,"minecraft:play_noteblock":1,"minecraft:talked_to_villager":25,"minecraft:deaths":13,"minecraft:sneak_time":1903,"minecraft:walk_under_water_one_cm":17834,"minecraft:boat_one_cm":802,"minecraft:jump":5639,"minecraft:interact_with_blast_furnace":11,"minecraft:walk_on_water_one_cm":55379,"minecraft:enchant_item":15,"minecraft:interact_with_furnace":36,"minecraft:traded_with_villager":24,"minecraft:tune_noteblock":1,"minecraft:play_one_minute":355008,"minecraft:sleep_in_bed":6,"minecraft:time_since_rest":6734,"minecraft:damage_absorbed":40,"minecraft:damage_taken":7928,"minecraft:open_enderchest":8,"minecraft:damage_dealt":27096,"minecraft:swim_one_cm":6926,"minecraft:fly_one_cm":1276763,"minecraft:open_chest":243,"minecraft:crouch_one_cm":5937,"minecraft:fall_one_cm":154828},"minecraft:crafted":{"minecraft:ender_chest":4,"minecraft:fishing_rod":3,"minecraft:blaze_powder":28,"minecraft:diamond_block":42,"minecraft:diamond":216,"minecraft:bow":3,"minecraft:diamond_helmet":2,"minecraft:diamond_leggings":2,"minecraft:iron_boots":1,"minecraft:chest":2,"minecraft:diamond_boots":2,"minecraft:ender_eye":18,"minecraft:coal_block":11,"minecraft:diamond_sword":7,"minecraft:emerald":15,"minecraft:crafting_table":1,"minecraft:spruce_planks":304,"minecraft:enchanting_table":1,"minecraft:iron_helmet":1,"minecraft:gold_block":7,"minecraft:bucket":1,"minecraft:air":0,"minecraft:bread":54,"minecraft:iron_chestplate":1,"minecraft:book":1,"minecraft:paper":3,"minecraft:diamond_pickaxe":2,"minecraft:shield":1,"minecraft:warped_fungus_on_a_stick":3,"minecraft:stick":337,"minecraft:iron_ingot":163,"minecraft:iron_pickaxe":2,"minecraft:iron_block":35,"minecraft:iron_leggings":1,"minecraft:gold_ingot":161,"minecraft:torch":106,"minecraft:lapis_block":40,"minecraft:lapis_lazuli":45,"minecraft:diamond_chestplate":2},"minecraft:mined":{"minecraft:nether_gold_ore":40,"minecraft:diamond_ore":63,"minecraft:spruce_planks":1,"minecraft:end_stone":4,"minecraft:obsidian":9,"minecraft:spruce_trapdoor":4,"minecraft:nether_bricks":60,"minecraft:ladder":1,"minecraft:granite":33,"minecraft:grass_block":44,"minecraft:crimson_roots":4,"minecraft:soul_soil":2,"minecraft:spruce_leaves":32,"minecraft:spawner":2,"minecraft:weeping_vines_plant":1,"minecraft:redstone_ore":160,"minecraft:furnace":4,"minecraft:iron_ore":168,"minecraft:fire":24,"minecraft:andesite":50,"minecraft:anvil":1,"minecraft:fletching_table":2,"minecraft:bookshelf":211,"minecraft:cobblestone_slab":1,"minecraft:rail":125,"minecraft:stone":908,"minecraft:ender_chest":4,"minecraft:podzol":1,"minecraft:glass_pane":1,"minecraft:infested_stone_bricks":1,"minecraft:blackstone":2,"minecraft:crimson_nylium":7,"minecraft:crafting_table":9,"minecraft:torch":6,"minecraft:emerald_ore":8,"minecraft:poppy":1,"minecraft:warped_roots":2,"minecraft:chest":4,"minecraft:campfire":1,"minecraft:nether_quartz_ore":33,"minecraft:cobblestone":25,"minecraft:lapis_ore":55,"minecraft:oak_planks":16,"minecraft:wall_torch":5,"minecraft:diorite":63,"minecraft:warped_wart_block":1,"minecraft:warped_nylium":1,"minecraft:cobblestone_wall":2,"minecraft:sweet_berry_bush":1,"minecraft:spruce_log":79,"minecraft:warped_fungus":3,"minecraft:grass_path":1,"minecraft:coal_ore":125,"minecraft:gravel":4,"minecraft:dirt":63,"minecraft:gold_ore":58,"minecraft:cobweb":61,"minecraft:ancient_debris":5,"minecraft:cracked_stone_bricks":1,"minecraft:oak_leaves":6,"minecraft:stone_bricks":14,"minecraft:mossy_stone_bricks":1,"minecraft:netherrack":354,"minecraft:fern":6},"minecraft:used":{"minecraft:enchanting_table":1,"minecraft:poppy":2,"minecraft:chest":6,"minecraft:spruce_planks":7,"minecraft:shield":71,"minecraft:ender_chest":4,"minecraft:netherrack":34,"minecraft:torch":138,"minecraft:warped_wart_block":1,"minecraft:dirt":87,"minecraft:anvil":1,"minecraft:spruce_stairs":1,"minecraft:nether_bricks":48,"minecraft:cobblestone_wall":2,"minecraft:granite":2,"minecraft:lava_bucket":3,"minecraft:iron_axe":410,"minecraft:warped_nylium":3,"minecraft:bow":78,"minecraft:soul_soil":2,"minecraft:furnace":4,"minecraft:water_bucket":14,"minecraft:diorite":17,"minecraft:baked_potato":2,"minecraft:ender_pearl":4,"minecraft:blackstone":13,"minecraft:fletching_table":2,"minecraft:warped_roots":1,"minecraft:cracked_stone_bricks":1,"minecraft:golden_apple":1,"minecraft:crafting_table":8,"minecraft:end_stone":1,"minecraft:ender_eye":19,"minecraft:diamond_pickaxe":1903,"minecraft:apple":2,"minecraft:spruce_trapdoor":4,"minecraft:bread":108,"minecraft:iron_pickaxe":513,"minecraft:spruce_sapling":1,"minecraft:gravel":10,"minecraft:diamond_sword":421,"minecraft:fire_charge":1,"minecraft:cobblestone":390,"minecraft:andesite":1,"minecraft:oak_fence":2,"minecraft:splash_potion":2,"minecraft:bucket":18},"minecraft:killed_by":{"minecraft:creeper":1,"minecraft:piglin":1,"minecraft:zombie":2},"minecraft:picked_up":{"minecraft:charcoal":2,"minecraft:crafting_table":9,"minecraft:splash_potion":3,"minecraft:chicken":1,"minecraft:ladder":1,"minecraft:anvil":1,"minecraft:diamond_sword":1,"minecraft:enchanted_book":5,"minecraft:potion":5,"minecraft:golden_shovel":1,"minecraft:nether_brick":135,"minecraft:golden_sword":1,"minecraft:string":155,"minecraft:soul_soil":2,"minecraft:iron_axe":6,"minecraft:blackstone":250,"minecraft:cracked_stone_bricks":1,"minecraft:gold_nugget":153,"minecraft:spruce_planks":100,"minecraft:iron_pickaxe":1,"minecraft:ender_eye":6,"minecraft:iron_nugget":61,"minecraft:poppy":2,"minecraft:minecart":1,"minecraft:sugar_cane":42,"minecraft:chest":5,"minecraft:spruce_trapdoor":4,"minecraft:iron_boots":4,"minecraft:furnace":4,"minecraft:stick":326,"minecraft:end_stone":2,"minecraft:torch":11,"minecraft:spruce_stairs":1,"minecraft:fire_charge":13,"minecraft:porkchop":3,"minecraft:stone_button":2,"minecraft:diorite":29,"minecraft:carrot":1,"minecraft:redstone":611,"minecraft:golden_chestplate":2,"minecraft:arrow":11,"minecraft:rotten_flesh":22,"minecraft:beetroot_seeds":3,"minecraft:pumpkin_pie":1,"minecraft:nether_bricks":68,"minecraft:saddle":2,"minecraft:gold_ingot":98,"minecraft:blaze_rod":14,"minecraft:obsidian":53,"minecraft:rail":128,"minecraft:cobblestone":538,"minecraft:andesite":31,"minecraft:leather":48,"minecraft:fern":1,"minecraft:potato":2,"minecraft:ancient_debris":5,"minecraft:cobblestone_wall":2,"minecraft:lapis_lazuli":383,"minecraft:dirt":103,"minecraft:name_tag":3,"minecraft:bone":23,"minecraft:stone_bricks":11,"minecraft:bow":2,"minecraft:wheat_seeds":1,"minecraft:iron_ingot":46,"minecraft:iron_ore":293,"minecraft:fletching_table":2,"minecraft:oak_planks":15,"minecraft:iron_sword":1,"minecraft:soul_sand":56,"minecraft:book":627,"minecraft:warped_fungus":3,"minecraft:sweet_berries":3,"minecraft:warped_wart_block":1,"minecraft:quartz":111,"minecraft:gravel":234,"minecraft:lava_bucket":1,"minecraft:spruce_sapling":1,"minecraft:spruce_log":92,"minecraft:grass_block":1,"minecraft:gold_ore":82,"minecraft:crying_obsidian":44,"minecraft:spectral_arrow":223,"minecraft:spider_eye":4,"minecraft:diamond":202,"minecraft:granite":32,"minecraft:warped_roots":5,"minecraft:emerald":15,"minecraft:golden_horse_armor":1,"minecraft:bread":66,"minecraft:baked_potato":2,"minecraft:netherrack":384,"minecraft:melon_seeds":2,"minecraft:warped_nylium":13,"minecraft:coal":202,"minecraft:crimson_roots":4,"minecraft:diamond_pickaxe":2,"minecraft:ender_pearl":22}},"DataVersion":2586}