{"stats":{"minecraft:picked_up":{"minecraft:crafting_table":1,"minecraft:rotten_flesh":3,"minecraft:iron_ingot":1,"minecraft:bread":56,"minecraft:spruce_log":2},"minecraft:dropped":{"minecraft:rotten_flesh":3,"minecraft:iron_ingot":3},"minecraft:used":{"minecraft:iron_axe":2,"minecraft:bread":1},"minecraft:custom":{"minecraft:time_since_rest":610,"minecraft:open_chest":11,"minecraft:play_one_minute":7952,"minecraft:interact_with_furnace":1,"minecraft:sprint_one_cm":22544,"minecraft:damage_taken":40,"minecraft:walk_one_cm":15206,"minecraft:sneak_time":3,"minecraft:mob_kills":1,"minecraft:drop":6,"minecraft:jump":83,"minecraft:damage_dealt":59,"minecraft:interact_with_blast_furnace":2,"minecraft:time_since_death":7952,"minecraft:sleep_in_bed":2,"minecraft:interact_with_crafting_table":6,"minecraft:fall_one_cm":2142,"minecraft:fly_one_cm":10986},"minecraft:mined":{"minecraft:spruce_log":2,"minecraft:crafting_table":1},"minecraft:killed":{"minecraft:zombie":1},"minecraft:crafted":{"minecraft:iron_leggings":1,"minecraft:iron_chestplate":1,"minecraft:iron_boots":1,"minecraft:shield":1,"minecraft:spruce_planks":8,"minecraft:stick":4,"minecraft:iron_pickaxe":2,"minecraft:iron_helmet":1}},"DataVersion":2586}