{"stats":{"minecraft:crafted":{"regions_unexplored:maple_planks":60,"minecraft:furnace":3,"runes:arcane_stone":4,"techreborn:lead_ingot":25,"wizards:wand_arcane":1,"techreborn:tin_ingot":10,"minecraft:stone_pickaxe":1,"minecraft:chest":1,"modern_industrialization:antimony_ingot":2,"minecraft:crafting_table":5,"minecraft:wooden_pickaxe":1,"minecraft:copper_ingot":7,"paladins:diamond_holy_staff":1,"minecraft:air":0,"spellbladenext:blazing_head":1,"extraspellattributes:arcanebracer":1,"techreborn:nickel_ingot":2,"techreborn:silver_ingot":7,"mcda:emerald_gear_helmet":2,"minecraft:stick":12,"minecraft:iron_ingot":21,"minecraft:iron_pickaxe":1,"minecraft:wooden_axe":1,"powah:uraninite":5,"minecraft:torch":16,"create:zinc_ingot":20},"minecraft:used":{"minecraft:stone_sword":113,"simplyswords:iron_warglaive":2,"minecraft:chest":2,"minecraft:shield":18,"minecells:assassins_dagger":55,"minecraft:iron_chestplate":1,"simplyswords:diamond_twinblade":8,"regions_unexplored:maple_planks":3,"minecraft:torch":7,"regions_unexplored:red_lupine":1,"minecraft:wooden_axe":21,"minecraft:music_disc_ward":1,"minecraft:iron_boots":1,"simplyswords:stars_edge":18,"simplyswords:iron_scythe":189,"minecraft:furnace":8,"minecraft:water_bucket":9,"minecraft:stone_pickaxe":37,"minecraft:wooden_pickaxe":6,"minecraft:green_bed":1,"minecraft:crafting_table":13,"minecraft:smoker":2,"simplyswords:mjolnir":12,"minecraft:bread":33,"minecraft:cyan_bed":9,"minecraft:iron_pickaxe":202,"minecraft:gravel":5,"minecraft:cobblestone":11,"minecraft:bucket":10,"wizards:wand_arcane":2},"minecraft:custom":{"lootr:looted_stat":45,"minecraft:mob_kills":87,"minecraft:interact_with_crafting_table":33,"minecraft:damage_dealt_resisted":0,"minecraft:eat_cake_slice":13,"minecraft:leave_game":4,"minecraft:time_since_death":159976,"minecraft:climb_one_cm":3014,"minecraft:damage_resisted":62,"minecraft:sprint_one_cm":396963,"minecraft:walk_one_cm":434375,"minecraft:damage_blocked_by_shield":907,"minecraft:drop":120,"minecraft:talked_to_villager":8,"minecraft:play_time":159976,"minecraft:sneak_time":296,"minecraft:walk_under_water_one_cm":1761,"minecraft:jump":2088,"minecraft:walk_on_water_one_cm":11546,"minecraft:total_world_time":159976,"minecraft:interact_with_furnace":62,"minecraft:play_record":1,"minecraft:interact_with_cartography_table":2,"minecraft:tune_noteblock":2,"minecraft:interact_with_loom":1,"minecraft:interact_with_grindstone":2,"minecraft:sleep_in_bed":10,"minecraft:hex":0,"minecraft:time_since_rest":4726,"minecraft:damage_taken":901,"minecraft:damage_absorbed":638,"minecraft:damage_dealt":14661,"minecraft:fly_one_cm":443695,"minecraft:open_chest":10,"minecraft:crouch_one_cm":487,"minecraft:threat":2,"minecraft:interact_with_smoker":3,"minecraft:fall_one_cm":50670},"minecraft:dropped":{"minecraft:bread":20,"brewery:barley":1,"regions_unexplored:fireweed":1,"minecraft:wheat_seeds":42,"brewery:barley_seeds":6,"minecraft:glass_bottle":3,"minecraft:crafting_table":2,"minecraft:cookie":1,"minecraft:cobblestone":5,"minecraft:leather":1,"minecells:arcane_goo":1,"minecraft:coal":8,"minecraft:red_mushroom":1,"minecraft:item_frame":2,"minecraft:stick":16,"minecells:bloomrock":1,"minecells:infected_flesh":4,"minecraft:golden_carrot":1,"techreborn:raw_tin":1,"minecells:putrid_fence":1,"minecells:explosive_bulb":1,"minecraft:wooden_axe":1,"minecraft:rose_bush":1,"minecraft:fire_charge":3,"minecells:metal_shards":7,"minecraft:iron_pickaxe":2,"minecraft:string":4,"travelersbackpack:backpack_tank":2,"ftbquests:book":1,"minecraft:white_wool":1,"bewitchment:belladonna_seeds":1,"twigs:twig":3,"minecraft:gravel":2,"minecraft:player_head":1,"minecraft:iron_nugget":3,"minecraft:cooked_chicken":1,"minecraft:stone_sword":1,"minecraft:wheat":8,"minecraft:raw_iron":3,"minecraft:rotten_flesh":11,"regions_unexplored:maple_sapling":3,"archon:thunder_strike_tome":1,"patchouli:guide_book":1,"minecraft:chainmail_chestplate":1,"modern_industrialization:antimony_ingot":4,"simplyswords:iron_scythe":1,"minecraft:shield":1,"minecraft:gunpowder":1,"minecraft:andesite":2,"minecraft:acacia_sapling":6,"minecraft:oak_sapling":7,"simplyswords:mjolnir":1,"minecells:guts":5,"immersive_armors:robe_leggings":1,"minecraft:wooden_pickaxe":2,"mcda:emerald_gear_helmet":2,"regions_unexplored:blue_lupine":2,"minecraft:cyan_bed":2},"minecraft:mined":{"create:zinc_ore":20,"techreborn:sapphire_ore":16,"minecells:putrid_fence":3,"regions_unexplored:blue_lupine":2,"regions_unexplored:maple_planks":1,"regions_unexplored:maple_log":1,"minecraft:brewing_stand":1,"minecraft:grass_block":1,"techreborn:bauxite_ore":9,"minecraft:spruce_leaves":1,"minecraft:furnace":4,"techreborn:lead_ore":25,"minecraft:iron_ore":13,"minecraft:andesite":2,"treechop:chopped_log":2,"minecells:wilted_wall_leaves":1,"bewitchment:salt_ore":23,"powah:uraninite_ore_poor":5,"regions_unexplored:medium_grass":3,"minecraft:stone":56,"minecraft:player_head":1,"regions_unexplored:red_lupine":2,"minecraft:smoker":1,"minecraft:crafting_table":9,"regions_unexplored:peat_grass_block":1,"minecraft:chest":1,"minecraft:rose_bush":1,"modern_industrialization:nickel_ore":2,"minecraft:tall_grass":3,"minecraft:copper_ore":2,"minecraft:cyan_bed":10,"techreborn:tin_ore":10,"minecells:bloomrock":1,"regions_unexplored:hyssop":1,"techreborn:silver_ore":7,"minecells:broken_cage":1,"techreborn:ruby_ore":10,"modern_industrialization:antimony_ore":2,"minecraft:jukebox":1,"minecraft:grass":1,"minecraft:coal_ore":20,"minecraft:gravel":9,"minecraft:dirt":2,"soulsweapons:verglas_ore":1},"minecraft:killed":{"minecells:mutated_bat":4,"graveyard:skeleton_creeper":1,"promenade:duck":1,"minecraft:spider":3,"minecells:undead_archer":1,"minecraft:skeleton":1,"minecells:leaping_zombie":25,"minecells:protector":4,"minecells:grenadier":5,"mythicmobs:mushroom_thing":1,"minecells:runner":6,"mythicmobs:drake":2,"minecraft:creeper":1,"minecraft:zombie":10,"minecraft:glow_squid":1,"minecraft:cow":3,"minecraft:enderman":1},"minecraft:broken":{"minecraft:iron_boots":1,"simplyswords:iron_scythe":1},"minecraft:picked_up":{"techreborn:raw_tin":11,"minecraft:charcoal":2,"minecraft:crafting_table":10,"minecraft:wooden_pickaxe":1,"regions_unexplored:maple_planks":45,"minecraft:brewing_stand":1,"minecraft:shield":1,"minecraft:string":4,"minecraft:raw_copper":7,"minecraft:item_frame":2,"techreborn:raw_silver":7,"minecraft:rose_bush":1,"minecraft:player_head":2,"minecraft:iron_pickaxe":1,"minecraft:chest":1,"minecraft:furnace":5,"minecells:guts":10,"minecraft:stick":21,"minecraft:raw_iron":16,"minecraft:green_bed":1,"minecells:arcane_goo":1,"techreborn:ruby_gem":17,"regions_unexplored:blue_lupine":2,"minecraft:cookie":1,"minecells:putrid_fence":1,"minecraft:rotten_flesh":23,"simplyswords:iron_scythe":2,"regions_unexplored:maple_sapling":3,"minecraft:music_disc_ward":1,"minecraft:white_wool":1,"minecraft:cobblestone":54,"modern_industrialization:raw_antimony":2,"minecraft:golden_carrot":1,"minecraft:andesite":2,"minecraft:leather":1,"minecraft:smoker":2,"minecraft:red_mushroom":1,"create:raw_zinc":20,"minecraft:chainmail_chestplate":1,"regions_unexplored:red_lupine":1,"minecraft:gunpowder":1,"minecraft:apple":2,"minecraft:wheat_seeds":5,"ftbquests:book":1,"modern_industrialization:antimony_ingot":4,"minecraft:cooked_chicken":1,"twigs:twig":5,"patchouli:guide_book":1,"minecells:monster_cell":20,"minecells:infected_flesh":5,"techreborn:raw_lead":25,"minecraft:gravel":11,"simplyswords:mjolnir":1,"bewitchment:belladonna_seeds":1,"bewitchment:salt":36,"powah:uraninite_raw":5,"minecells:metal_shards":7,"minecraft:cyan_bed":11,"techreborn:sapphire_gem":25,"techreborn:red_garnet_gem":4,"techreborn:bauxite_ore":9,"techreborn:peridot_gem":9,"minecraft:diamond":27,"modern_industrialization:raw_nickel":2,"regions_unexplored:fireweed":1,"minecells:explosive_bulb":4,"regions_unexplored:maple_log":15,"minecells:bloomrock":1,"soulsweapons:verglas":1,"minecraft:coal":34}},"DataVersion":3465}