{"stats":{"minecraft:dropped":{"brewery:barley":1,"regions_unexplored:fireweed":1,"minecraft:wheat_seeds":42,"minecraft:player_head":1,"minecraft:iron_nugget":3,"minecraft:cooked_chicken":1,"brewery:barley_seeds":6,"minecraft:glass_bottle":3,"minecraft:wheat":8,"minecraft:raw_iron":3,"minecraft:cookie":1,"minecraft:cobblestone":1,"minecraft:rotten_flesh":4,"regions_unexplored:maple_sapling":3,"archon:thunder_strike_tome":1,"minecraft:red_mushroom":1,"minecraft:item_frame":2,"minecraft:stick":12,"minecraft:andesite":2,"minecraft:wooden_axe":1,"minecraft:rose_bush":1,"minecraft:oak_sapling":7,"minecraft:acacia_sapling":6,"minecraft:fire_charge":3,"immersive_armors:robe_leggings":1,"mcda:emerald_gear_helmet":1,"minecraft:wooden_pickaxe":2,"minecraft:iron_pickaxe":2,"minecraft:string":1,"travelersbackpack:backpack_tank":2,"regions_unexplored:blue_lupine":2,"minecraft:cyan_bed":1,"bewitchment:belladonna_seeds":1,"twigs:twig":3},"minecraft:used":{"minecraft:water_bucket":8,"minecraft:stone_sword":25,"minecraft:stone_pickaxe":37,"minecraft:shield":7,"minecraft:chest":2,"minecraft:wooden_pickaxe":6,"regions_unexplored:red_lupine":1,"minecraft:crafting_table":7,"minecraft:smoker":1,"minecraft:wooden_axe":21,"minecraft:cyan_bed":6,"minecraft:bread":12,"minecraft:iron_pickaxe":174,"minecraft:cobblestone":11,"minecraft:furnace":3,"minecraft:bucket":9,"wizards:wand_arcane":2},"minecraft:mined":{"create:zinc_ore":20,"techreborn:sapphire_ore":11,"regions_unexplored:blue_lupine":2,"regions_unexplored:red_lupine":2,"regions_unexplored:maple_log":1,"minecraft:smoker":1,"minecraft:crafting_table":6,"minecraft:brewing_stand":1,"minecraft:grass_block":1,"minecraft:chest":1,"minecraft:rose_bush":1,"modern_industrialization:nickel_ore":2,"minecraft:copper_ore":2,"minecraft:tall_grass":3,"techreborn:bauxite_ore":9,"minecraft:spruce_leaves":1,"minecraft:cyan_bed":7,"techreborn:tin_ore":10,"regions_unexplored:hyssop":1,"techreborn:silver_ore":7,"techreborn:lead_ore":25,"techreborn:ruby_ore":6,"minecraft:iron_ore":13,"modern_industrialization:antimony_ore":2,"minecraft:jukebox":1,"minecraft:andesite":2,"treechop:chopped_log":2,"minecraft:grass":1,"minecraft:coal_ore":20,"bewitchment:salt_ore":23,"minecraft:dirt":2,"powah:uraninite_ore_poor":5,"regions_unexplored:medium_grass":3,"minecraft:stone":52,"minecraft:player_head":1,"soulsweapons:verglas_ore":1},"minecraft:killed":{"minecraft:spider":2,"minecraft:zombie":2,"mythicmobs:mushroom_thing":1},"minecraft:picked_up":{"techreborn:raw_tin":10,"minecraft:crafting_table":5,"modern_industrialization:raw_antimony":2,"minecraft:andesite":2,"minecraft:wooden_pickaxe":1,"minecraft:smoker":1,"minecraft:red_mushroom":1,"regions_unexplored:maple_planks":18,"create:raw_zinc":20,"regions_unexplored:red_lupine":1,"minecraft:brewing_stand":1,"minecraft:string":1,"minecraft:raw_copper":7,"minecraft:item_frame":2,"minecraft:apple":2,"techreborn:raw_silver":7,"minecraft:wheat_seeds":5,"minecraft:cooked_chicken":1,"minecraft:rose_bush":1,"minecraft:player_head":2,"minecraft:iron_pickaxe":1,"twigs:twig":5,"minecraft:chest":1,"minecraft:stick":17,"minecraft:raw_iron":16,"techreborn:raw_lead":25,"techreborn:ruby_gem":10,"regions_unexplored:blue_lupine":2,"bewitchment:belladonna_seeds":1,"powah:uraninite_raw":5,"bewitchment:salt":36,"minecraft:cookie":1,"minecraft:cyan_bed":7,"techreborn:sapphire_gem":18,"techreborn:bauxite_ore":9,"techreborn:peridot_gem":6,"modern_industrialization:raw_nickel":2,"minecraft:rotten_flesh":4,"regions_unexplored:fireweed":1,"regions_unexplored:maple_sapling":3,"regions_unexplored:maple_log":15,"soulsweapons:verglas":1,"minecraft:coal":20,"minecraft:cobblestone":48},"minecraft:crafted":{"minecraft:crafting_table":2,"minecraft:wooden_pickaxe":1,"regions_unexplored:maple_planks":60,"minecraft:furnace":3,"minecraft:copper_ingot":7,"runes:arcane_stone":4,"minecraft:air":0,"techreborn:lead_ingot":16,"wizards:wand_arcane":1,"techreborn:silver_ingot":7,"techreborn:nickel_ingot":2,"techreborn:tin_ingot":10,"mcda:emerald_gear_helmet":2,"minecraft:stick":8,"minecraft:iron_ingot":21,"minecraft:iron_pickaxe":1,"minecraft:stone_pickaxe":1,"minecraft:wooden_axe":1,"minecraft:chest":1,"modern_industrialization:antimony_ingot":2,"powah:uraninite":5,"create:zinc_ingot":20},"minecraft:custom":{"minecraft:interact_with_furnace":51,"lootr:looted_stat":21,"minecraft:mob_kills":6,"minecraft:interact_with_cartography_table":2,"minecraft:interact_with_crafting_table":24,"minecraft:tune_noteblock":2,"minecraft:interact_with_loom":1,"minecraft:damage_dealt_resisted":0,"minecraft:eat_cake_slice":7,"minecraft:leave_game":3,"minecraft:time_since_death":86703,"minecraft:sleep_in_bed":6,"minecraft:climb_one_cm":2606,"minecraft:hex":0,"minecraft:time_since_rest":2741,"minecraft:sprint_one_cm":181691,"minecraft:damage_taken":271,"minecraft:walk_one_cm":191756,"minecraft:damage_blocked_by_shield":415,"minecraft:drop":49,"minecraft:damage_dealt":1250,"minecraft:talked_to_villager":8,"minecraft:fly_one_cm":162801,"minecraft:open_chest":10,"minecraft:crouch_one_cm":486,"minecraft:play_time":86703,"minecraft:sneak_time":257,"minecraft:walk_under_water_one_cm":150,"minecraft:jump":873,"minecraft:walk_on_water_one_cm":4472,"minecraft:interact_with_smoker":2,"minecraft:total_world_time":86703,"minecraft:fall_one_cm":19537}},"DataVersion":3465}