{"stats":{"minecraft:crafted":{"minecraft:diamond_sword":1,"minecraft:fishing_rod":3,"minecraft:spruce_planks":48,"minecraft:iron_helmet":1,"minecraft:air":0,"minecraft:iron_boots":1,"minecraft:iron_chestplate":1,"minecraft:diamond_pickaxe":1,"minecraft:shield":1,"minecraft:warped_fungus_on_a_stick":3,"minecraft:stick":40,"minecraft:iron_ingot":58,"minecraft:iron_pickaxe":2,"minecraft:chest":2,"minecraft:gold_ingot":70,"minecraft:iron_leggings":1,"minecraft:torch":106},"minecraft:killed_by":{"minecraft:piglin":1,"minecraft:creeper":1,"minecraft:zombie":1},"minecraft:used":{"minecraft:diorite":9,"minecraft:poppy":1,"minecraft:blackstone":13,"minecraft:ender_pearl":2,"minecraft:spruce_planks":6,"minecraft:chest":3,"minecraft:shield":25,"minecraft:netherrack":28,"minecraft:warped_roots":1,"minecraft:torch":137,"minecraft:dirt":16,"minecraft:warped_wart_block":1,"minecraft:crafting_table":3,"minecraft:granite":2,"minecraft:diamond_pickaxe":256,"minecraft:bread":52,"minecraft:iron_axe":80,"minecraft:iron_pickaxe":320,"minecraft:warped_nylium":3,"minecraft:gravel":10,"minecraft:diamond_sword":84,"minecraft:cobblestone":196,"minecraft:andesite":1},"minecraft:picked_up":{"minecraft:crafting_table":3,"minecraft:splash_potion":1,"minecraft:andesite":1,"minecraft:leather":8,"minecraft:nether_brick":2,"minecraft:dirt":16,"minecraft:lapis_lazuli":175,"minecraft:string":32,"minecraft:bone":8,"minecraft:blackstone":13,"minecraft:bow":1,"minecraft:gold_nugget":79,"minecraft:iron_ingot":4,"minecraft:iron_ore":192,"minecraft:iron_nugget":35,"minecraft:poppy":1,"minecraft:iron_pickaxe":1,"minecraft:minecart":1,"minecraft:chest":2,"minecraft:warped_fungus":3,"minecraft:quartz":10,"minecraft:torch":8,"minecraft:warped_wart_block":1,"minecraft:gravel":12,"minecraft:porkchop":3,"minecraft:diorite":9,"minecraft:redstone":231,"minecraft:spruce_log":12,"minecraft:gold_ore":54,"minecraft:crying_obsidian":1,"minecraft:spectral_arrow":8,"minecraft:arrow":7,"minecraft:rotten_flesh":10,"minecraft:diamond":46,"minecraft:beetroot_seeds":3,"minecraft:granite":2,"minecraft:melon_seeds":2,"minecraft:bread":56,"minecraft:gold_ingot":13,"minecraft:warped_roots":1,"minecraft:warped_nylium":3,"minecraft:netherrack":36,"minecraft:obsidian":2,"minecraft:crimson_roots":4,"minecraft:coal":91,"minecraft:rail":128,"minecraft:cobblestone":71,"minecraft:ender_pearl":3},"minecraft:broken":{"minecraft:iron_pickaxe":1},"minecraft:mined":{"minecraft:nether_gold_ore":19,"minecraft:diamond_ore":12,"minecraft:glass_pane":1,"minecraft:crimson_nylium":7,"minecraft:crafting_table":3,"minecraft:torch":6,"minecraft:grass_block":8,"minecraft:warped_roots":2,"minecraft:chest":1,"minecraft:crimson_roots":4,"minecraft:cobblestone":4,"minecraft:spruce_leaves":1,"minecraft:lapis_ore":24,"minecraft:diorite":11,"minecraft:warped_wart_block":1,"minecraft:weeping_vines_plant":1,"minecraft:warped_nylium":1,"minecraft:redstone_ore":53,"minecraft:iron_ore":98,"minecraft:fire":16,"minecraft:spruce_log":12,"minecraft:andesite":1,"minecraft:warped_fungus":3,"minecraft:coal_ore":90,"minecraft:rail":125,"minecraft:gravel":2,"minecraft:dirt":9,"minecraft:cobweb":33,"minecraft:stone":73,"minecraft:netherrack":29,"minecraft:gold_ore":24,"minecraft:oak_leaves":5,"minecraft:fern":3},"minecraft:killed":{"minecraft:piglin":6,"minecraft:iron_golem":1,"minecraft:hoglin":2,"minecraft:skeleton":4,"minecraft:zombie":5,"minecraft:enderman":7},"minecraft:custom":{"minecraft:interact_with_furnace":13,"minecraft:mob_kills":25,"minecraft:interact_with_crafting_table":19,"minecraft:play_one_minute":117590,"minecraft:leave_game":4,"minecraft:time_since_death":51937,"minecraft:sleep_in_bed":3,"minecraft:climb_one_cm":1337,"minecraft:time_since_rest":5525,"minecraft:sprint_one_cm":510651,"minecraft:damage_taken":4152,"minecraft:walk_one_cm":392756,"minecraft:damage_blocked_by_shield":1433,"minecraft:drop":57,"minecraft:damage_dealt":6302,"minecraft:fly_one_cm":211015,"minecraft:open_chest":46,"minecraft:crouch_one_cm":3745,"minecraft:deaths":8,"minecraft:sneak_time":998,"minecraft:walk_under_water_one_cm":1582,"minecraft:jump":2011,"minecraft:interact_with_blast_furnace":7,"minecraft:walk_on_water_one_cm":22681,"minecraft:fall_one_cm":52876},"minecraft:dropped":{"minecraft:iron_ingot":6,"minecraft:iron_nugget":35,"minecraft:cobblestone":432,"minecraft:rotten_flesh":4,"minecraft:rail":141,"minecraft:arrow":3,"minecraft:iron_pickaxe":2,"minecraft:redstone":231,"minecraft:bone":3,"minecraft:splash_potion":1,"minecraft:gold_ingot":23}},"DataVersion":2586}