{"stats":{"minecraft:picked_up":{"minecraft:crafting_table":1,"minecraft:warped_fungus":3,"minecraft:warped_wart_block":1,"minecraft:spruce_log":12,"minecraft:arrow":3,"minecraft:bone":3,"minecraft:blackstone":13,"minecraft:rotten_flesh":5,"minecraft:diamond":3,"minecraft:gold_nugget":36,"minecraft:iron_ingot":4,"minecraft:granite":2,"minecraft:warped_roots":1,"minecraft:poppy":1,"minecraft:gold_ingot":1,"minecraft:bread":56,"minecraft:warped_nylium":3,"minecraft:netherrack":5,"minecraft:coal":8,"minecraft:obsidian":1,"minecraft:cobblestone":1,"minecraft:ender_pearl":2},"minecraft:dropped":{"minecraft:iron_ingot":6,"minecraft:rotten_flesh":3,"minecraft:arrow":3,"minecraft:gold_ingot":3,"minecraft:bone":3},"minecraft:used":{"minecraft:iron_axe":57,"minecraft:bread":19,"minecraft:poppy":1,"minecraft:iron_pickaxe":22,"minecraft:warped_nylium":3,"minecraft:blackstone":13,"minecraft:shield":8,"minecraft:netherrack":3,"minecraft:warped_roots":1,"minecraft:warped_wart_block":1,"minecraft:granite":2},"minecraft:custom":{"minecraft:time_since_rest":6399,"minecraft:interact_with_furnace":1,"minecraft:sprint_one_cm":123865,"minecraft:damage_taken":1779,"minecraft:walk_one_cm":85204,"minecraft:damage_blocked_by_shield":358,"minecraft:mob_kills":12,"minecraft:drop":18,"minecraft:damage_dealt":3223,"minecraft:interact_with_crafting_table":9,"minecraft:fly_one_cm":91962,"minecraft:open_chest":26,"minecraft:play_one_minute":31952,"minecraft:deaths":3,"minecraft:sneak_time":4,"minecraft:walk_under_water_one_cm":219,"minecraft:jump":640,"minecraft:interact_with_blast_furnace":2,"minecraft:walk_on_water_one_cm":1657,"minecraft:time_since_death":6343,"minecraft:sleep_in_bed":2,"minecraft:climb_one_cm":111,"minecraft:fall_one_cm":25646},"minecraft:mined":{"minecraft:nether_gold_ore":8,"minecraft:warped_nylium":1,"minecraft:fire":15,"minecraft:spruce_log":12,"minecraft:warped_fungus":3,"minecraft:crafting_table":1,"minecraft:warped_roots":1,"minecraft:coal_ore":8,"minecraft:spruce_leaves":1,"minecraft:stone":1,"minecraft:netherrack":4,"minecraft:fern":1,"minecraft:warped_wart_block":1},"minecraft:killed":{"minecraft:piglin":3,"minecraft:zombie":2,"minecraft:iron_golem":1,"minecraft:enderman":6},"minecraft:crafted":{"minecraft:diamond_sword":1,"minecraft:iron_boots":1,"minecraft:iron_chestplate":1,"minecraft:diamond_pickaxe":1,"minecraft:shield":1,"minecraft:spruce_planks":8,"minecraft:stick":4,"minecraft:iron_helmet":1,"minecraft:iron_pickaxe":2,"minecraft:iron_leggings":1}},"DataVersion":2586}