{"stats":{"minecraft:picked_up":{"minecraft:crafting_table":1,"minecraft:warped_fungus":1,"minecraft:spruce_log":2,"minecraft:arrow":2,"minecraft:bone":1,"minecraft:blackstone":13,"minecraft:rotten_flesh":3,"minecraft:iron_ingot":1,"minecraft:gold_ingot":1,"minecraft:bread":56,"minecraft:warped_nylium":1,"minecraft:netherrack":1,"minecraft:coal":8,"minecraft:obsidian":1,"minecraft:cobblestone":1},"minecraft:dropped":{"minecraft:iron_ingot":3,"minecraft:rotten_flesh":3,"minecraft:arrow":2,"minecraft:gold_ingot":3,"minecraft:bone":1},"minecraft:used":{"minecraft:iron_axe":25,"minecraft:bread":12,"minecraft:iron_pickaxe":10,"minecraft:warped_nylium":1,"minecraft:blackstone":13,"minecraft:shield":3,"minecraft:netherrack":1},"minecraft:custom":{"minecraft:time_since_rest":374,"minecraft:interact_with_furnace":1,"minecraft:sprint_one_cm":87593,"minecraft:damage_taken":1028,"minecraft:walk_one_cm":54530,"minecraft:damage_blocked_by_shield":105,"minecraft:mob_kills":7,"minecraft:drop":12,"minecraft:damage_dealt":1581,"minecraft:interact_with_crafting_table":6,"minecraft:fly_one_cm":65001,"minecraft:open_chest":18,"minecraft:play_one_minute":19952,"minecraft:deaths":2,"minecraft:sneak_time":3,"minecraft:walk_under_water_one_cm":219,"minecraft:jump":396,"minecraft:interact_with_blast_furnace":2,"minecraft:walk_on_water_one_cm":1657,"minecraft:time_since_death":343,"minecraft:sleep_in_bed":2,"minecraft:climb_one_cm":111,"minecraft:fall_one_cm":15108},"minecraft:mined":{"minecraft:warped_nylium":1,"minecraft:fire":14,"minecraft:spruce_log":2,"minecraft:warped_fungus":1,"minecraft:crafting_table":1,"minecraft:coal_ore":8,"minecraft:stone":1},"minecraft:killed":{"minecraft:piglin":3,"minecraft:zombie":2,"minecraft:enderman":2},"minecraft:crafted":{"minecraft:iron_boots":1,"minecraft:iron_chestplate":1,"minecraft:shield":1,"minecraft:spruce_planks":8,"minecraft:stick":4,"minecraft:iron_helmet":1,"minecraft:iron_pickaxe":2,"minecraft:iron_leggings":1}},"DataVersion":2586}