{"stats":{"minecraft:dropped":{"minecraft:wheat_seeds":42,"brewery:barley_seeds":6,"minecraft:rose_bush":1,"minecraft:acacia_sapling":6,"minecraft:oak_sapling":7,"regions_unexplored:maple_sapling":3,"regions_unexplored:blue_lupine":1,"archon:thunder_strike_tome":1,"bewitchment:belladonna_seeds":1,"twigs:twig":3,"minecraft:red_mushroom":1,"minecraft:item_frame":2,"minecraft:stick":4},"minecraft:used":{"minecraft:wooden_axe":15,"minecraft:water_bucket":4,"minecraft:stone_sword":11,"minecraft:bread":7,"minecraft:cyan_bed":4,"minecraft:chest":1,"minecraft:wooden_pickaxe":2,"minecraft:shield":3,"minecraft:crafting_table":3,"minecraft:bucket":5},"minecraft:mined":{"regions_unexplored:blue_lupine":1,"regions_unexplored:maple_log":1,"minecraft:smoker":1,"minecraft:jukebox":1,"treechop:chopped_log":2,"minecraft:crafting_table":3,"minecraft:rose_bush":1,"minecraft:tall_grass":3,"regions_unexplored:medium_grass":2,"minecraft:spruce_leaves":1,"minecraft:cyan_bed":4,"minecraft:player_head":1},"minecraft:killed":{"minecraft:zombie":1,"mythicmobs:mushroom_thing":1},"minecraft:picked_up":{"minecraft:stick":13,"minecraft:crafting_table":3,"minecraft:red_mushroom":1,"minecraft:smoker":1,"regions_unexplored:blue_lupine":1,"bewitchment:belladonna_seeds":1,"regions_unexplored:maple_planks":18,"minecraft:cookie":1,"minecraft:cyan_bed":4,"minecraft:item_frame":2,"minecraft:apple":2,"regions_unexplored:maple_sapling":3,"minecraft:wheat_seeds":3,"minecraft:cooked_chicken":1,"regions_unexplored:maple_log":15,"minecraft:rose_bush":1,"minecraft:player_head":1,"twigs:twig":5},"minecraft:crafted":{"minecraft:crafting_table":1,"regions_unexplored:maple_planks":28,"minecraft:wooden_pickaxe":1,"minecraft:wooden_axe":1,"minecraft:chest":1},"minecraft:custom":{"minecraft:time_since_rest":1867,"lootr:looted_stat":18,"minecraft:sprint_one_cm":114395,"minecraft:damage_taken":189,"minecraft:walk_one_cm":112587,"minecraft:damage_blocked_by_shield":75,"minecraft:mob_kills":2,"minecraft:drop":18,"minecraft:damage_dealt":424,"minecraft:interact_with_crafting_table":11,"minecraft:interact_with_cartography_table":1,"minecraft:tune_noteblock":2,"minecraft:talked_to_villager":8,"minecraft:fly_one_cm":104416,"minecraft:open_chest":2,"minecraft:play_time":41450,"minecraft:interact_with_loom":1,"minecraft:sneak_time":35,"minecraft:walk_under_water_one_cm":150,"minecraft:jump":452,"minecraft:damage_dealt_resisted":0,"minecraft:time_since_death":41450,"minecraft:eat_cake_slice":7,"minecraft:hex":0,"minecraft:walk_on_water_one_cm":3740,"minecraft:total_world_time":41450,"minecraft:sleep_in_bed":3,"minecraft:interact_with_smoker":1,"minecraft:climb_one_cm":2606,"minecraft:fall_one_cm":11758}},"DataVersion":3465}