{"stats":{"minecraft:crafted":{"minecraft:diamond_sword":1,"minecraft:spruce_planks":48,"minecraft:iron_helmet":1,"minecraft:iron_boots":1,"minecraft:iron_chestplate":1,"minecraft:diamond_pickaxe":1,"minecraft:shield":1,"minecraft:stick":28,"minecraft:iron_pickaxe":2,"minecraft:gold_ingot":8,"minecraft:iron_leggings":1,"minecraft:torch":106},"minecraft:killed_by":{"minecraft:piglin":1,"minecraft:creeper":1,"minecraft:zombie":1},"minecraft:used":{"minecraft:diorite":9,"minecraft:poppy":1,"minecraft:blackstone":13,"minecraft:ender_pearl":2,"minecraft:shield":24,"minecraft:netherrack":28,"minecraft:warped_roots":1,"minecraft:torch":117,"minecraft:dirt":1,"minecraft:warped_wart_block":1,"minecraft:crafting_table":2,"minecraft:granite":2,"minecraft:diamond_pickaxe":232,"minecraft:bread":47,"minecraft:iron_axe":75,"minecraft:iron_pickaxe":320,"minecraft:warped_nylium":3,"minecraft:gravel":10,"minecraft:diamond_sword":58,"minecraft:cobblestone":185},"minecraft:picked_up":{"minecraft:crafting_table":3,"minecraft:splash_potion":1,"minecraft:leather":8,"minecraft:nether_brick":2,"minecraft:dirt":1,"minecraft:lapis_lazuli":148,"minecraft:string":18,"minecraft:bone":7,"minecraft:blackstone":13,"minecraft:bow":1,"minecraft:gold_nugget":79,"minecraft:iron_ingot":4,"minecraft:iron_ore":115,"minecraft:iron_nugget":35,"minecraft:poppy":1,"minecraft:iron_pickaxe":1,"minecraft:warped_fungus":3,"minecraft:quartz":10,"minecraft:torch":7,"minecraft:warped_wart_block":1,"minecraft:gravel":12,"minecraft:porkchop":3,"minecraft:diorite":9,"minecraft:redstone":223,"minecraft:spruce_log":12,"minecraft:gold_ore":53,"minecraft:crying_obsidian":1,"minecraft:spectral_arrow":8,"minecraft:arrow":5,"minecraft:rotten_flesh":6,"minecraft:diamond":46,"minecraft:granite":2,"minecraft:bread":56,"minecraft:gold_ingot":13,"minecraft:warped_roots":1,"minecraft:warped_nylium":3,"minecraft:netherrack":36,"minecraft:obsidian":2,"minecraft:crimson_roots":4,"minecraft:coal":91,"minecraft:rail":128,"minecraft:cobblestone":68,"minecraft:ender_pearl":3},"minecraft:broken":{"minecraft:iron_pickaxe":1},"minecraft:mined":{"minecraft:nether_gold_ore":19,"minecraft:diamond_ore":12,"minecraft:crimson_nylium":7,"minecraft:crafting_table":3,"minecraft:torch":6,"minecraft:grass_block":1,"minecraft:warped_roots":2,"minecraft:crimson_roots":4,"minecraft:cobblestone":4,"minecraft:spruce_leaves":1,"minecraft:lapis_ore":20,"minecraft:diorite":11,"minecraft:warped_wart_block":1,"minecraft:weeping_vines_plant":1,"minecraft:warped_nylium":1,"minecraft:redstone_ore":51,"minecraft:iron_ore":85,"minecraft:fire":16,"minecraft:spruce_log":12,"minecraft:warped_fungus":3,"minecraft:coal_ore":90,"minecraft:rail":125,"minecraft:gravel":2,"minecraft:cobweb":18,"minecraft:stone":70,"minecraft:netherrack":29,"minecraft:gold_ore":23,"minecraft:oak_leaves":5,"minecraft:fern":2},"minecraft:killed":{"minecraft:piglin":6,"minecraft:iron_golem":1,"minecraft:hoglin":2,"minecraft:skeleton":3,"minecraft:zombie":3,"minecraft:enderman":7},"minecraft:custom":{"minecraft:interact_with_furnace":2,"minecraft:mob_kills":22,"minecraft:interact_with_crafting_table":11,"minecraft:play_one_minute":98625,"minecraft:leave_game":3,"minecraft:time_since_death":32972,"minecraft:sleep_in_bed":2,"minecraft:climb_one_cm":1337,"minecraft:time_since_rest":33014,"minecraft:sprint_one_cm":437799,"minecraft:damage_taken":4087,"minecraft:walk_one_cm":336364,"minecraft:damage_blocked_by_shield":1383,"minecraft:drop":43,"minecraft:damage_dealt":5643,"minecraft:fly_one_cm":194363,"minecraft:open_chest":29,"minecraft:crouch_one_cm":3689,"minecraft:deaths":8,"minecraft:sneak_time":964,"minecraft:walk_under_water_one_cm":1527,"minecraft:jump":1730,"minecraft:interact_with_blast_furnace":2,"minecraft:walk_on_water_one_cm":15109,"minecraft:fall_one_cm":49847},"minecraft:dropped":{"minecraft:iron_ingot":6,"minecraft:iron_nugget":35,"minecraft:rotten_flesh":4,"minecraft:arrow":3,"minecraft:iron_pickaxe":2,"minecraft:bone":3,"minecraft:splash_potion":1,"minecraft:gold_ingot":23}},"DataVersion":2586}